Player,Team,Gms,Rec,Yds,Avg,YPG,Lg,TD,FD,Tar
Randy Moss,NE,16,83,1264,15.23,79,71t,13,62,137
Larry Fitzgerald,Ari,16,97,1092,11.26,68.2,34t,13,69,153
Vernon Davis,SF,16,78,965,12.37,60.3,73t,13,40,129
Miles Austin,Dal,16,81,1320,16.3,82.5,60t,11,59,124
Roddy White,Atl,16,85,1153,13.56,72.1,90t,11,54,165
Visanthe Shiancoe,Min,16,56,566,10.11,35.4,27,11,38,79
Reggie Wayne,Ind,16,100,1264,12.64,79,65t,10,73,149
Brandon Marshall,Den,15,101,1120,11.09,74.7,75t,10,56,154
Dallas Clark,Ind,16,100,1106,11.06,69.1,80t,10,59,133
Andre Johnson,Hou,16,101,1569,15.53,98.1,72t,9,69,171
Vincent Jackson,SD,15,68,1167,17.16,77.8,55,9,58,108
DeSean Jackson,Phi,15,62,1156,18.65,77.1,71t,9,40,116
Marques Colston,NO,16,70,1074,15.34,67.1,68,9,54,107
Chad Johnson,Cin,16,72,1047,14.54,65.4,50,9,55,128
Robert Meachem,NO,16,45,722,16.04,45.1,54t,9,30,64
Sidney Rice,Min,16,83,1312,15.81,82,63,8,59,121
Antonio Gates,SD,16,79,1157,14.65,72.3,56,8,61,114
Brent Celek,Phi,16,76,971,12.78,60.7,47t,8,42,112
Greg Olsen,Chi,16,60,612,10.2,38.2,41,8,33,108
Steve Smith,NYG,16,107,1220,11.4,76.2,51,7,61,157
Derrick Mason,Bal,16,73,1028,14.08,64.2,72t,7,55,134
Steve Smith,Car,15,65,982,15.11,65.5,66,7,41,128
Mike Sims-Walker,Jax,15,63,869,13.79,57.9,61t,7,43,111
Austin Collie,Ind,16,60,676,11.27,42.2,39t,7,37,89
Lee Evans,Buf,16,44,612,13.91,38.2,50,7,27,95
Roy Williams,Dal,15,38,596,15.68,39.7,66t,7,29,86
John Carlson,Sea,16,51,574,11.25,35.9,42,7,27,83
Hines Ward,Pit,16,95,1167,12.28,72.9,54,6,56,137
Donald Driver,GB,16,70,1061,15.16,66.3,71t,6,49,112
Tony Gonzalez,Atl,16,83,867,10.45,54.2,27,6,54,135
Percy Harvin,Min,15,60,790,13.17,52.7,51t,6,42,91
Hakeem Nicks,NYG,14,47,790,16.81,56.4,68t,6,32,74
Heath Miller,Pit,16,76,789,10.38,49.3,41,6,37,98
Mike Wallace,Pit,16,39,756,19.38,47.2,60t,6,28,72
Todd Heap,Bal,16,53,593,11.19,37.1,31,6,33,75
Nate Washington,Ten,16,47,569,12.11,35.6,35,6,34,95
Fred Davis,Was,16,48,509,10.6,31.8,29,6,31,76
Jacoby Jones,Hou,14,27,437,16.19,31.2,45,6,19,40
Santonio Holmes,Pit,16,79,1248,15.8,78,57,5,63,138
Calvin Johnson,Det,14,67,984,14.69,70.3,75t,5,46,137
Kellen Winslow,TB,16,77,884,11.48,55.2,42t,5,47,126
Terrell Owens,Buf,16,55,829,15.07,51.8,98t,5,33,109
Mario Manningham,NYG,14,57,822,14.42,58.7,49,5,41,99
Chris Chambers,SD,16,45,730,16.22,45.6,61,5,32,92
Jermichael Finley,GB,13,55,676,12.29,52,62t,5,29,72
Patrick Crayton,Dal,16,37,622,16.81,38.9,80t,5,27,67
Donnie Avery,Stl,16,47,589,12.53,36.8,50,5,28,97
Kevin Boss,NYG,15,42,567,13.5,37.8,35,5,26,69
Johnny Knox,Chi,15,45,527,11.71,35.1,68,5,22,80
Owen Daniels,Hou,8,40,519,12.97,64.9,44,5,28,58
Laveranues Coles,Cin,16,43,514,11.95,32.1,40,5,29,77
James Jones,GB,16,32,440,13.75,27.5,74t,5,16,62
Benjamin Watson,NE,16,29,404,13.93,25.2,36,5,20,41
Wes Welker,NE,14,123,1348,10.96,96.3,58,4,71,162
Greg Jennings,GB,16,68,1113,16.37,69.6,83t,4,48,119
Anquan Boldin,Ari,15,84,1024,12.19,68.3,44,4,49,127
Jeremy Maclin,Phi,15,56,773,13.8,51.5,56,4,34,92
Pierre Garcon,Ind,14,47,765,16.28,54.6,66,4,33,92
Braylon Edwards,NYJ,16,45,680,15.11,42.5,65t,4,36,95
Bernard Berrian,Min,16,55,618,11.24,38.6,40,4,35,92
Antonio Bryant,TB,13,39,600,15.38,46.2,42t,4,25,87
Dwayne Bowe,KC,11,47,589,12.53,53.5,41,4,31,87
Louis Murphy,Oak,16,34,521,15.32,32.6,75t,4,26,96
Darren Sproles,SD,16,45,497,11.04,31.1,81t,4,20,57
Steve Slaton,Hou,11,44,417,9.48,37.9,38t,4,20,55
Brandon Stokley,Den,16,19,327,17.21,20.4,87t,4,15,33
Devin Aromashodu,Chi,10,24,298,12.42,29.8,39t,4,16,43
Spencer Havner,GB,16,7,112,16,7,45t,4,6,10
T.J. Houshmandzadeh,Sea,16,79,911,11.53,56.9,53,3,52,135
Santana Moss,Was,16,70,902,12.89,56.4,59t,3,41,120
Jerricho Cotchery,NYJ,14,57,821,14.4,58.6,53,3,44,96
Nate Burleson,Sea,13,63,812,12.89,62.5,44t,3,42,103
Zach Miller,Oak,15,66,805,12.2,53.7,86t,3,31,99
Devin Hester,Chi,13,57,757,13.28,58.2,48,3,34,91
Steve Breaston,Ari,15,55,712,12.95,47.5,45,3,33,82
Kenny Britt,Ten,16,42,701,16.69,43.8,57,3,34,75
Mohamed Massaquoi,Cle,16,34,624,18.35,39,59t,3,24,95
Jason Avant,Phi,16,41,587,14.32,36.7,58,3,26,58
Jeremy Shockey,NO,13,48,569,11.85,43.8,66,3,29,67
Josh Morgan,SF,16,52,527,10.13,32.9,61,3,20,81
Brian Hartline,Mia,16,31,506,16.32,31.6,67,3,26,56
Andre Caldwell,Cin,16,51,432,8.47,27,24,3,29,80
Bryant Johnson,Det,16,35,417,11.91,26.1,36,3,23,87
Frank Gore,SF,14,52,406,7.81,29,48,3,13,75
Justin Gage,Ten,12,28,383,13.68,31.9,49,3,22,67
Joseph Addai,Ind,15,51,336,6.59,22.4,25,3,17,63
Reggie Bush,NO,14,47,335,7.13,23.9,29,3,16,68
Devin Thomas,Was,14,25,325,13,23.2,40,3,16,47
Will Heller,Det,16,29,296,10.21,18.5,24,3,17,50
Daniel Fells,Stl,14,21,273,13,19.5,36t,3,13,35
Carnell Williams,TB,16,28,217,7.75,13.6,22t,3,10,39
Jeff King,Car,16,25,200,8,12.5,32,3,12,33
Mike Tolbert,SD,16,17,192,11.29,12,66t,3,9,22
Kellen Davis,Chi,16,9,75,8.33,4.7,18,3,5,14
Todd Yoder,Was,16,4,9,2.25,0.6,3t,3,3,5
Jason Witten,Dal,16,94,1030,10.96,64.4,69,2,48,124
Devery Henderson,NO,16,51,804,15.76,50.2,75t,2,33,83
Davone Bess,Mia,16,76,758,9.97,47.4,34t,2,48,113
Jabar Gaffney,Den,16,54,732,13.56,45.8,49,2,36,87
Earl Bennett,Chi,16,54,717,13.28,44.8,71,2,32,88
Michael Crabtree,SF,11,48,625,13.02,56.8,50,2,27,86
Kevin Walter,Hou,14,53,611,11.53,43.6,41,2,33,70
Dustin Keller,NYJ,16,45,522,11.6,32.6,40,2,27,82
Marcedes Lewis,Jax,15,32,518,16.19,34.5,47,2,20,59
Chris Johnson,Ten,16,50,503,10.06,31.4,69t,2,18,71
Mark Clayton,Bal,14,34,480,14.12,34.3,54,2,24,74
Deion Branch,Sea,14,45,437,9.71,31.2,35,2,17,79
Kelley Washington,Bal,15,34,431,12.68,28.7,28,2,27,48
Tony Scheffler,Den,15,31,416,13.42,27.7,52,2,19,50
Fred Jackson,Buf,16,46,371,8.07,23.2,21,2,20,60
Bobby Wade,KC,12,36,367,10.19,30.6,25,2,17,74
Chaz Schilens,Oak,8,29,365,12.59,45.6,25,2,17,52
Brandon Pettigrew,Det,11,30,346,11.53,31.5,30,2,20,54
Anthony Fasano,Mia,14,31,339,10.94,24.2,27,2,21,53
Chris Cooley,Was,7,29,332,11.45,47.4,25,2,17,45
Sam Aiken,NE,14,20,326,16.3,23.3,81t,2,12,41
Mark Bradley,KC,13,24,320,13.33,24.6,50,2,11,57
Jordy Nelson,GB,13,22,320,14.55,24.6,51,2,15,31
Chansi Stuckey,NYJ,15,30,318,10.6,21.2,40t,2,21,66
Dante Rosario,Car,14,26,313,12.04,22.4,26,2,19,48
Pierre Thomas,NO,14,39,302,7.74,21.6,36,2,12,45
Ricky Williams,Mia,16,35,264,7.54,16.5,59,2,9,53
John Paul Foschi,Cin,15,27,260,9.63,17.3,27,2,9,37
Legedu Naanee,SD,15,24,242,10.08,16.1,23,2,14,29
Chris Henry,Cin,8,12,236,19.67,29.5,73,2,11,23
Julius Jones,Sea,14,35,232,6.63,16.6,49,2,10,43
Jerome Harrison,Cle,14,34,220,6.47,15.7,18,2,11,50
Knowshon Moreno,Den,16,28,213,7.61,13.3,27,2,10,41
Zach Miller,Jax,14,21,212,10.1,15.1,62,2,10,27
Mike Sellers,Was,15,17,176,10.35,11.7,47,2,8,26
Joey Haynos,Mia,16,19,162,8.53,10.1,21,2,13,37
Lex Hilliard,Mia,16,20,158,7.9,9.9,18,2,5,20
Mewelde Moore,Pit,16,21,153,7.29,9.6,19t,2,9,31
Lance Moore,NO,7,14,153,10.93,21.9,22,2,10,19
Derrick Ward,TB,14,20,150,7.5,10.7,38,2,7,24
Ben Patrick,Ari,9,12,146,12.17,16.2,28,2,6,16
Desmond Clark,Chi,11,19,145,7.63,13.2,26,2,7,34
Chris Baker,NE,16,14,142,10.14,8.9,36t,2,6,19
Leonard Weaver,Phi,16,15,140,9.33,8.8,59,2,6,26
Sean Ryan,KC,10,14,135,9.64,13.5,43,2,7,27
Justin Peelle,Atl,15,12,115,9.58,7.7,32,2,7,15
Jason Hill,SF,11,9,90,10,8.2,30,2,6,17
Willis McGahee,Bal,16,15,85,5.67,5.3,14,2,5,22
Heath Evans,NO,6,10,70,7,11.7,13t,2,5,13
Jason Wright,Ari,16,9,53,5.89,3.3,10,2,2,11
Jeff Dugan,Min,16,6,52,8.67,3.2,25,2,3,6
Eric Weems,Atl,16,6,50,8.33,3.1,30t,2,3,6
John Kuhn,GB,14,7,47,6.71,3.4,14,2,3,7
Malcom Floyd,SD,16,45,776,17.24,48.5,53,1,36,76
Ray Rice,Bal,16,78,702,9,43.9,63,1,28,101
Michael Jenkins,Atl,15,50,635,12.7,42.3,50t,1,29,90
Muhsin Muhammad,Car,14,53,581,10.96,41.5,27,1,32,89
Ted Ginn Jr.,Mia,16,38,454,11.95,28.4,53t,1,25,78
Mike Thomas,Jax,14,48,453,9.44,32.4,28,1,28,62
Bo Scaife,Ten,14,45,440,9.78,31.4,27,1,24,70
Kevin Smith,Det,13,41,415,10.12,31.9,63,1,16,57
Chester Taylor,Min,16,44,389,8.84,24.3,33,1,17,59
Maurice Jones-Drew,Jax,16,53,374,7.06,23.4,19,1,16,71
Maurice Stovall,TB,15,24,366,15.25,24.4,38,1,16,47
Julian Edelman,NE,11,37,359,9.7,32.6,29,1,19,54
Dennis Northcutt,Det,16,35,357,10.2,22.3,47,1,18,63
David Thomas,NO,15,35,356,10.17,23.7,37,1,18,48
Justin Forsett,Sea,16,41,350,8.54,21.9,47,1,12,57
Brandon Gibson,Stl,9,34,348,10.24,38.7,23,1,23,69
Sammie Stroughter,TB,13,31,334,10.77,25.7,35,1,19,58
Randy McMichael,Stl,16,34,332,9.76,20.8,35,1,15,62
Danny Amendola,Stl,14,43,326,7.58,23.3,25,1,20,63
Joel Dreessen,Hou,16,26,320,12.31,20,25t,1,16,39
Kevin Faulk,NE,15,37,301,8.14,20.1,38t,1,13,53
Jamaal Charles,KC,15,40,297,7.42,19.8,49,1,11,56
Josh Reed,Buf,14,27,291,10.78,20.8,29,1,18,45
Daniel Graham,Den,16,28,289,10.32,18.1,24,1,14,43
Rashard Mendenhall,Pit,16,25,261,10.44,16.3,26,1,13,32
Donald Lee,GB,16,37,260,7.03,16.2,19,1,10,54
Jason Snelling,Atl,14,30,259,8.63,18.5,38,1,13,39
Rock Cartwright,Was,16,27,242,8.96,15.1,51,1,9,32
Michael Clayton,TB,13,16,230,14.38,17.7,47,1,11,48
Alge Crumpler,Ten,16,27,222,8.22,13.9,27,1,9,37
Early Doucet,Ari,9,17,214,12.59,23.8,29,1,12,24
Dwayne Jarrett,Car,13,17,196,11.53,15.1,30t,1,10,31
David Clowney,NYJ,13,14,191,13.64,14.7,53,1,7,22
Domenik Hixon,NYG,14,15,187,12.47,13.4,61t,1,10,28
Brandon Jackson,GB,12,21,187,8.9,15.6,17,1,11,26
Jerious Norwood,Atl,10,19,186,9.79,18.6,38,1,9,22
Brandon Jacobs,NYG,15,18,184,10.22,12.3,74t,1,5,31
Marty Booker,Atl,16,16,181,11.31,11.3,27,1,9,32
Brian Westbrook,Phi,8,25,181,7.24,22.6,34,1,7,34
Leonard Pope,KC,13,20,174,8.7,13.4,29,1,8,30
Laurent Robinson,Stl,3,13,167,12.85,55.7,45,1,11,23
Shawn Nelson,Buf,12,17,156,9.18,13,25,1,7,29
Vonta Leach,Hou,16,20,155,7.75,9.7,26,1,5,26
Demetrius Williams,Bal,12,8,142,17.75,11.8,34,1,6,17
Jonathan Stewart,Car,16,18,139,7.72,8.7,19,1,7,26
Joshua Cribbs,Cle,16,20,135,6.75,8.4,35,1,5,37
Robert Royal,Cle,13,11,134,12.18,10.3,29,1,7,26
Jerramy Stevens,TB,16,15,130,8.67,8.1,17,1,6,32
Darrius Heyward-Bey,Oak,11,9,124,13.78,11.3,24,1,8,40
Ernest Wilford,Jax,15,11,123,11.18,8.2,30,1,6,21
Sam Hurd,Dal,16,7,121,17.29,7.6,53,1,4,12
Justin Griffith,Sea,13,19,118,6.21,9.1,25,1,4,26
Ryan Moats,Hou,14,13,106,8.15,7.6,20,1,7,15
Derek Hagan,NYG,16,8,101,12.62,6.3,23t,1,4,8
Greg Lewis,Min,13,8,96,12,7.4,32t,1,3,11
Aaron Brown,Det,15,9,84,9.33,5.6,26t,1,5,15
LaRod Stephens-Howling,Ari,16,10,83,8.3,5.2,15,1,3,18
Steve Heiden,Cle,7,10,73,7.3,10.4,14,1,3,17
Nate Hughes,Jax,8,5,70,14,8.8,35t,1,2,12
Naufahu Tahi,Min,15,10,67,6.7,4.5,32,1,4,12
Willie Parker,Pit,14,6,64,10.67,4.6,27t,1,2,7
Anthony Becht,Ari,16,7,61,8.71,3.8,16,1,4,12
Michael Gaines,Cle,9,5,59,11.8,6.6,24,1,3,9
Clinton Portis,Was,8,9,57,6.33,7.1,10t,1,2,12
Ovie Mughelli,Atl,14,7,51,7.29,3.6,21,1,3,10
Tim Castille,KC,7,4,37,9.25,5.3,20t,1,1,6
Kory Sperry,Mia,8,3,31,10.33,3.9,13,1,3,6
Kris Wilson,SD,16,4,28,7,1.8,21,1,2,6
Lawrence Vickers,Cle,16,8,27,3.38,1.7,12,1,3,18
Ryan Denney,Buf,16,1,25,25,1.6,25t,1,1,1
Matt Spaeth,Pit,16,5,25,5,1.6,9,1,1,7
Madison Hedgecock,NYG,16,4,23,5.75,1.4,9,1,1,9
Brad Hoover,Car,11,4,23,5.75,2.1,12,1,3,9
Darnell Dinkins,NO,11,5,22,4.4,2,8,1,2,7
Owen Schmitt,Sea,15,6,21,3.5,1.4,10,1,2,11
Sinorice Moss,NYG,8,1,18,18,2.2,18t,1,1,4
Ben Hartsock,NYJ,16,1,2,2,0.1,2t,1,1,4
Mike Vrabel,KC,14,1,1,1,0.1,1t,1,1,1
Torry Holt,Jax,15,51,722,14.16,48.1,63,0,35,103
Greg Camarillo,Mia,16,50,552,11.04,34.5,29,0,29,72
Antwaan Randle El,Was,16,50,530,10.6,33.1,44,0,33,76
Matt Forte,Chi,16,57,471,8.26,29.4,37,0,17,72
Adrian Peterson,Min,16,43,436,10.14,27.2,63,0,16,57
Tim Hightower,Ari,16,63,428,6.79,26.8,23,0,22,80
David Anderson,Hou,16,38,370,9.74,23.1,27,0,22,53
Malcolm Kelly,Was,16,25,347,13.88,21.7,84,0,15,41
Eddie Royal,Den,14,37,345,9.32,24.6,20,0,23,79
Steven Jackson,Stl,15,51,322,6.31,21.5,38,0,16,75
LeSean McCoy,Phi,16,40,308,7.7,19.2,45,0,13,55
Isaac Bruce,SF,10,21,264,12.57,26.4,50,0,13,49
Johnnie Lee Higgins,Oak,15,19,263,13.84,17.5,33,0,14,45
Keenan Burton,Stl,9,25,253,10.12,28.1,25,0,17,45
DeAngelo Williams,Car,13,29,252,8.69,19.4,30,0,14,41
Darren McFadden,Oak,12,21,245,11.67,20.4,48,0,10,36
Gary Barnidge,Car,16,12,242,20.17,15.1,55,0,8,21
Correll Buckhalter,Den,14,31,240,7.74,17.1,30,0,8,38
Delanie Walker,SF,16,21,233,11.1,14.6,39,0,10,33
Marion Barber,Dal,15,26,221,8.5,14.7,42,0,10,36
Brian Leonard,Cin,14,30,217,7.23,15.5,18,0,13,35
Maurice Morris,Det,14,26,210,8.08,15,19,0,7,38
Ahmad Bradshaw,NYG,15,21,207,9.86,13.8,55,0,6,30
Ryan Grant,GB,16,25,197,7.88,12.3,27,0,9,30
Jerheme Urban,Ari,10,18,186,10.33,18.6,40,0,9,29
Sammy Morris,NE,12,19,180,9.47,15,35,0,10,27
Ladell Betts,Was,10,17,179,10.53,17.9,25,0,9,20
Marshawn Lynch,Buf,13,28,179,6.39,13.8,35,0,6,37
Lance Long,KC,8,20,178,8.9,22.2,30,0,6,38
Deon Butler,Sea,16,15,175,11.67,10.9,32,0,9,42
Mike Furrey,Cle,16,23,170,7.39,10.6,22,0,12,39
Donald Brown,Ind,11,11,169,15.36,15.4,72,0,7,14
Martellus Bennett,Dal,14,15,159,10.6,11.4,21,0,8,30
Evan Moore,Cle,5,12,158,13.17,31.6,24,0,8,23
Reggie Brown,Phi,14,9,155,17.22,11.1,43,0,7,24
LaDainian Tomlinson,SD,14,20,154,7.7,11,36,0,7,30
Daniel Coats,Cin,16,16,150,9.38,9.4,23,0,3,31
Beanie Wells,Ari,16,12,143,11.92,8.9,25,0,5,16
Le'Ron McClain,Bal,16,21,141,6.71,8.8,19,0,6,27
Jerome Felton,Det,13,13,133,10.23,10.2,27,0,5,17
Tashard Choice,Dal,16,15,132,8.8,8.2,28,0,6,22
Leon Washington,NYJ,7,15,131,8.73,18.7,33,0,4,26
Casey Fitzsimmons,Det,12,18,128,7.11,10.7,12,0,5,27
Brad Cottam,KC,8,9,120,13.33,15,26,0,6,15
Felix Jones,Dal,14,19,119,6.26,8.5,30,0,5,22
Brandon Lloyd,Den,2,8,117,14.62,58.5,44,0,5,18
Justin Fargas,Oak,12,17,113,6.65,9.4,14,0,5,21
Cedric Benson,Cin,13,17,111,6.53,8.5,19,0,5,24
Brian Finneran,Atl,10,11,111,10.09,11.1,19,0,7,16
Lavelle Hawkins,Ten,10,7,110,15.71,11,32,0,5,14
Earnest Graham,TB,13,14,109,7.79,8.4,16,0,3,22
Tom Santi,Ind,3,8,107,13.38,35.7,31,0,6,11
Jarett Dillard,Jax,7,6,106,17.67,15.1,33,0,5,8
Brian Robiskie,Cle,11,7,106,15.14,9.6,43,0,6,20
Michael Bush,Oak,16,17,105,6.18,6.6,17,0,3,19
Derek Schouman,Buf,2,9,103,11.44,51.5,27,0,5,11
Rashad Jennings,Jax,15,16,101,6.31,6.7,14,0,4,18
Quinton Ganther,Was,8,9,99,11,12.4,42,0,4,10
Laurence Maroney,NE,15,14,99,7.07,6.6,17,0,4,17
Ruvell Martin,Stl,8,6,99,16.5,12.4,33,0,4,12
Ronnie Brown,Mia,9,14,98,7,10.9,27,0,5,20
Kenneth Darby,Stl,16,18,96,5.33,6,13,0,6,24
Kevin Ogletree,Dal,11,7,96,13.71,8.7,21,0,5,8
Gary Russell,Oak,12,12,96,8,8,20,0,6,15
Billy Bajema,Stl,16,8,94,11.75,5.9,27,0,4,11
Arian Foster,Hou,6,8,93,11.62,15.5,20,0,4,9
Todd Watkins,Oak,13,8,90,11.25,6.9,28,0,4,19
Jamal Lewis,Cle,9,8,88,11,9.8,19,0,5,11
Danny Woodhead,NYJ,10,8,87,10.88,8.7,24,0,4,14
Larry Johnson,KC,14,15,80,5.33,5.7,22,0,4,21
Mike Cox,KC,16,10,79,7.9,4.9,19,0,3,13
Ahmard Hall,Ten,16,12,79,6.58,4.9,15,0,3,16
Tony Stewart,Oak,15,10,78,7.8,5.2,19,0,4,15
Kevin Curtis,Phi,3,6,77,12.83,25.7,19,0,5,15
Glen Coffee,SF,14,11,76,6.91,5.4,12,0,2,18
Chris Brown,Hou,14,16,74,4.62,5.3,12,0,1,21
Jared Cook,Ten,14,9,74,8.22,5.3,17,0,5,15
Jim Kleinsasser,Min,16,10,70,7,4.4,21,0,3,16
Terrance Copper,KC,15,4,68,17,4.5,50,0,2,6
Joey Galloway,NE,3,7,67,9.57,22.3,19,0,3,20
Bernard Scott,Cin,13,5,67,13.4,5.2,23,0,2,8
Michael Bennett,SD,6,6,65,10.83,10.8,33,0,2,7
Brian Clark,TB,14,6,65,10.83,4.6,17,0,3,18
James Casey,Hou,15,6,64,10.67,4.3,32,0,4,12
Derek Fine,Buf,8,9,64,7.11,8,11,0,1,18
Brad Smith,NYJ,13,7,63,9,4.8,19,0,3,12
John Phillips,Dal,16,7,62,8.86,3.9,23,0,2,9
Gijon Robinson,Ind,13,9,62,6.89,4.8,19,0,3,15
Tyrell Sutton,Car,7,6,62,10.33,8.9,13,0,4,11
Bobby Engram,KC,5,5,61,12.2,12.2,18,0,4,10
Andre' Davis,Hou,14,6,59,9.83,4.2,21,0,3,11
Kenneth Moore,Car,12,6,59,9.83,4.9,22,0,1,12
Thomas Jones,NYJ,16,10,58,5.8,3.6,28,0,4,18
Marcus Mason,Was,10,6,58,9.67,5.8,17,0,1,7
Chris Jennings,Cle,9,9,56,6.22,6.2,19,0,3,13
Travis Beckum,NYG,15,8,55,6.88,3.7,15,0,4,10
Quan Cosby,Cin,16,4,55,13.75,3.4,23,0,2,6
Corey McIntyre,Buf,15,7,55,7.86,3.7,18,0,3,8
Mike Hart,Ind,9,5,54,10.8,6,14,0,3,8
Craig Davis,SD,1,6,52,8.67,52,11,0,4,7
Derrick Williams,Det,11,6,52,8.67,4.7,19,0,2,13
Lousaka Polite,Mia,16,11,51,4.64,3.2,10,0,3,23
Dantrell Savage,KC,5,7,51,7.29,10.2,12,0,2,11
Lynell Hamilton,NO,9,5,48,9.6,5.3,16,0,4,7
Greg Estandia,Jax,6,4,45,11.25,7.5,18,0,3,13
Korey Hall,GB,11,5,41,8.2,3.7,13,0,2,7
Jeremi Johnson,Cin,16,6,41,6.83,2.6,9,0,1,12
Ben Obomanu,Sea,14,4,41,10.25,2.9,12,0,4,5
Arnaz Battle,SF,15,5,40,8,2.7,12,0,3,5
Jonathan Stupar,Buf,14,6,40,6.67,2.9,17,0,3,11
Stephen Spach,Ari,7,4,38,9.5,5.4,22,0,1,10
Rashied Davis,Chi,16,5,35,7,2.2,10,0,2,8
Jacob Tamme,Ind,16,3,35,11.67,2.2,21,0,2,10
Michael Turner,Atl,11,5,35,7,3.2,10,0,2,7
Hank Baskett,Phi,12,5,34,6.8,2.8,9,0,1,12
Roscoe Parrish,Buf,12,3,34,11.33,2.8,16,0,0,4
Aaron Stecker,Atl,9,5,34,6.8,3.8,14,0,1,5
Troy Williamson,Jax,2,3,34,11.33,17,13,0,1,4
Louis Rankin,Sea,7,5,33,6.6,4.7,14,0,1,7
Darcy Johnson,NYG,13,5,32,6.4,2.5,14,0,2,7
Marko Mitchell,Was,10,4,32,8,3.2,11,0,2,7
Luke Lawton,Oak,13,7,31,4.43,2.4,14,0,2,10
Moran Norris,SF,16,7,31,4.43,1.9,11,0,1,11
L.J. Smith,Bal,12,2,31,15.5,2.6,26,0,2,3
Seneca Wallace,Sea,13,2,29,14.5,2.2,24,0,2,3
Eric Smith,NYJ,16,1,27,27,1.7,27,0,1,1
Jake Nordin,Det,4,2,26,13,6.5,14,0,2,3
Samkon Gado,Stl,15,3,25,8.33,1.7,13,0,0,3
Alex Smith,Phi,16,3,25,8.33,1.6,11,0,2,8
Jacob Hester,SD,15,9,24,2.67,1.6,5,0,0,11
Michael Robinson,SF,15,6,24,4,1.6,8,0,1,11
Patrick Cobbs,Mia,5,3,23,7.67,4.6,10,0,1,4
John Gilmore,TB,13,3,23,7.67,1.8,9,0,0,7
Isaiah Stanback,NE,6,3,22,7.33,3.7,9,0,1,7
Wallace Wright,NYJ,16,2,21,10.5,1.3,14,0,2,3
Verron Haynes,Atl,7,3,20,6.67,2.9,10,0,1,4
Dan Kreider,Ari,14,4,20,5,1.4,8,0,0,6
Marcel Reece,Oak,2,2,20,10,10,11,0,1,4
Peyton Hillis,Den,14,4,19,4.75,1.4,6,0,0,6
Edgerrin James,Sea,7,3,19,6.33,2.7,7,0,1,3
Brandon Myers,Oak,11,4,19,4.75,1.7,6,0,0,6
Chris Ogbonnaya,Stl,2,1,19,19,9.5,19,0,1,2
Deshawn Wynn,GB,4,2,19,9.5,4.8,11,0,1,7
Ahman Green,GB,8,3,18,6,2.2,12,0,2,5
Brandon Jones,SF,8,1,18,18,2.2,18,0,1,5
Brady Quinn,Cle,10,1,18,18,1.8,18,0,1,1
Kassim Osgood,SD,16,1,17,17,1.1,17,0,1,5
Fred Taylor,NE,6,2,17,8.5,2.8,13,0,1,3
Ramses Barden,NYG,3,1,16,16,5.3,16,0,1,1
Mike Karney,Stl,14,6,16,2.67,1.1,9,0,0,9
John Owens,Sea,16,3,16,5.33,1,8,0,1,6
Mike Goodson,Car,8,2,15,7.5,1.9,13,0,1,2
Donald Penn,TB,16,1,15,15,0.9,15,0,1,1
D.J. Ware,NYG,8,3,15,5,1.9,14,0,0,4
Kyle Eckel,NO,7,2,14,7,2,8,0,1,3
Tyler Grisham,Pit,4,1,14,14,3.5,14,0,1,2
Greg Jones,Jax,13,5,14,2.8,1.1,9,0,0,10
LenDale White,Ten,13,3,14,4.67,1.1,7,0,0,5
Brandon Manumaleuna,SD,16,5,13,2.6,0.8,11,0,1,7
Jason McKie,Chi,16,5,13,2.6,0.8,8,0,1,10
Mike Bell,NO,13,4,12,3,0.9,9,0,1,4
Garrett Wolfe,Chi,8,2,12,6,1.5,12,0,0,3
BenJarvus Green-Ellis,NE,12,2,11,5.5,0.9,6,0,0,5
Joe Klopfenstein,Buf,1,1,11,11,11,11,0,1,2
Adrian Peterson,Chi,14,2,11,5.5,0.8,7,0,1,2
Stevie Johnson,Buf,5,2,10,5,2,5,0,1,3
Tony Richardson,NYJ,16,3,10,3.33,0.6,5,0,0,5
James Hardy,Buf,2,1,9,9,4.5,9,0,0,1
Anthony Hill,Hou,5,1,9,9,1.8,9,0,0,2
David Johnson,Pit,15,2,9,4.5,0.6,5,0,0,4
Jaymar Johnson,Min,6,1,9,9,1.5,9,0,0,1
Mark Jones,Ten,3,1,9,9,3,9,0,0,2
Quinten Lawrence,KC,6,1,9,9,1.5,9,0,0,2
Bear Pascoe,NYG,4,1,9,9,2.2,9,0,0,1
Kolby Smith,KC,4,2,9,4.5,2.2,5,0,0,2
Edgar Jones,Bal,16,1,8,8,0.5,8,0,1,2
Yamon Figurs,Det,3,1,7,7,2.3,7,0,1,2
Tory Humphrey,NO,1,1,7,7,7,7,0,0,1
Chris Kuper,Den,15,0,7,0,0.5,7,0,0,0
Jake O'Connell,KC,4,2,7,3.5,1.8,4,0,0,10
Terrelle Smith,Det,8,2,7,3.5,0.9,4,0,0,4
Tim Carter,Stl,2,1,6,6,3,6,0,0,5
Charly Martin,Car,7,1,6,6,0.9,6,0,0,2
Courtney Roby,NO,15,1,6,6,0.4,6,0,0,1
Deon Anderson,Dal,16,1,5,5,0.3,5,0,0,3
James Davis,Cle,2,4,5,1.25,2.5,2,0,0,5
Jordan Kent,Stl,5,1,5,5,1,5,0,1,3
Stefan Logan,Pit,16,1,5,5,0.3,5,0,0,1
John Standeford,Det,2,1,5,5,2.5,5,0,1,3
Limas Sweed,Pit,9,1,5,5,0.6,5,0,0,5
Kahlil Bell,Chi,7,1,4,4,0.6,4,0,0,3
Dan Gronkowski,Det,2,1,4,4,2,4,0,0,3
Quinn Johnson,GB,9,2,4,2,0.4,4,0,0,4
Matthew Lawrence,Bal,8,1,4,4,0.5,4,0,0,1
Clifton Smith,TB,11,2,4,2,0.4,3,0,0,5
B.J. Askew,TB,5,2,3,1.5,0.6,4,0,0,2
Cameron Morrah,Sea,3,1,3,3,1,3,0,0,1
Zach Potter,Jax,1,1,3,3,3,3,0,0,1
Colin Cloherty,Ind,1,1,2,2,2,2,0,0,1
Matthew Mulligan,NYJ,5,1,2,2,0.4,2,0,0,1
Chris Pressley,TB,7,1,2,2,0.3,2,0,0,1
Josh Freeman,TB,10,0,1,0,0.1,1,0,0,0
Donovan McNabb,Phi,14,1,1,1,0.1,1,0,0,1
Chad Simpson,Ind,14,3,1,0.33,0.1,5,0,0,4
Jeremy Zuttah,TB,16,0,1,0,0.1,1,0,0,0
Jake Allen,Cle,2,0,0,0,0,0,0,0,1
Brock Bolen,Jax,3,0,0,0,0,0,0,0,3
Kevin Boothe,NYG,16,0,0,0,0,0,0,0,1
Matt Cassel,KC,15,0,0,0,0,0,0,0,1
Tony Fiammetta,Car,10,0,0,0,0,0,0,0,3
Thomas Gafford,KC,16,0,0,0,0,0,0,0,1
Sam Giguere,Ind,1,0,0,0,0,0,0,0,2
Shonn Greene,NYJ,14,0,0,0,0,0,0,0,5
Justin Harper,Bal,2,0,0,0,0,0,0,0,1
Wayne Hunter,NYJ,16,0,0,0,0,0,0,0,1
Gartrell Johnson,NYG,10,0,0,0,0,0,0,0,1
LaMont Jordan,Den,9,0,0,0,0,0,0,0,4
Michael Matthews,NE,4,0,0,0,0,0,0,0,1
Sean Morey,Ari,13,0,0,0,0,0,0,0,1
Jamar Nesbit,NO,13,0,0,0,0,0,0,0,1
Xavier Omon,Buf,5,0,0,0,0,0,0,0,1
Montell Owens,Jax,16,0,0,0,0,0,0,0,1
Maurice Purify,Cin,5,0,0,0,0,0,0,0,1
Richard Quinn,Den,15,0,0,0,0,0,0,0,1
Darius Reynaud,Min,11,0,0,0,0,0,0,0,2
Dennis Roland,Cin,16,0,0,0,0,0,0,0,1
Jerome Simpson,Cin,2,0,0,0,0,0,0,0,1
Craig Stevens,Ten,12,0,0,0,0,0,0,0,1
Will Svitek,Atl,13,0,0,0,0,0,0,0,1
Brett Swain,GB,6,0,0,0,0,0,0,0,1
Brandon Tate,NE,2,0,0,0,0,0,0,0,2
Javarris Williams,KC,4,0,0,0,0,0,0,0,1
Keith Zinger,Atl,15,0,0,0,0,0,0,0,1
Brett Favre,Min,16,1,-2,-2,-0.1,-2,0,0,1