#Date/Time of Update: (none),#DFS Type,#Player ID,#LastName,#FirstName,#Position,#Team ID,#Team Abbr.,#Team City,#Team Name,#Game ID,#Game Date,#Game Time,#Game Away Team Abbr.,#Game Home Team Abbr.,#Salary,#Fantasy Points
,DraftKings,9487,Nogueira,Lucas,C,81,TOR,Toronto,Raptors,33947,10/26/2016,7:30PM,DET,TOR,3000,0
,DraftKings,9105,Rozier,Terry,PG,82,BOS,Boston,Celtics,33946,10/26/2016,7:30PM,BRO,BOS,3200,17.25
,DraftKings,9178,Anderson,Justin,SF,108,DAL,Dallas,Mavericks,33945,10/26/2016,7:00PM,DAL,IND,3700,18.75
,DraftKings,9194,Mudiay,Emmanuel,PG,99,DEN,Denver,Nuggets,33950,10/26/2016,8:00PM,DEN,NOP,6200,23.25
,DraftKings,9196,Jokic,Nikola,C,99,DEN,Denver,Nuggets,33950,10/26/2016,8:00PM,DEN,NOP,6900,15.25
,DraftKings,9210,Johnson,Stanley,SF,88,DET,Detroit,Pistons,33947,10/26/2016,7:30PM,DET,TOR,4100,7.25
,DraftKings,9238,Dekker,Sam,SF,109,HOU,Houston,Rockets,33953,10/26/2016,10:30PM,HOU,LAL,3000,7.25
,DraftKings,9244,Harrell,Montrezl,PF,109,HOU,Houston,Rockets,33953,10/26/2016,10:30PM,HOU,LAL,3000,0
,DraftKings,9252,Turner,Myles,C,87,IND,Indiana,Pacers,33945,10/26/2016,7:00PM,DAL,IND,6200,64.5
,DraftKings,9290,Huertas,Marcelo,PG,105,LAL,Los Angeles,Lakers,33953,10/26/2016,10:30PM,HOU,LAL,3000,6.5
,DraftKings,9286,Nance Jr.,Larry,PF,105,LAL,Los Angeles,Lakers,33953,10/26/2016,10:30PM,HOU,LAL,3200,18.25
,DraftKings,9285,Russell,D'Angelo,PG,105,LAL,Los Angeles,Lakers,33953,10/26/2016,10:30PM,HOU,LAL,7300,28.25
,DraftKings,9313,Winslow,Justise,SF,92,MIA,Miami,Heat,33944,10/26/2016,7:00PM,MIA,ORL,5000,36
,DraftKings,9333,Vaughn,Rashad,SG,90,MIL,Milwaukee,Bucks,33948,10/26/2016,8:00PM,CHA,MIL,3000,3.25
,DraftKings,9348,Bjelica,Nemanja,PF,100,MIN,Minnesota,Timberwolves,33949,10/26/2016,8:00PM,MIN,MEM,3000,6.25
,DraftKings,9346,Towns,Karl-Anthony,C,100,MIN,Minnesota,Timberwolves,33949,10/26/2016,8:00PM,MIN,MEM,9200,37.5
,DraftKings,9409,Hezonja,Mario,SF,95,ORL,Orlando,Magic,33944,10/26/2016,7:00PM,MIA,ORL,3700,9.75
,DraftKings,9421,Okafor,Jahlil,C,85,PHI,Philadelphia,76ers,33951,10/26/2016,8:00PM,OKL,PHI,5200,12.25
,DraftKings,9422,Holmes,Richaun,PF,85,PHI,Philadelphia,76ers,33951,10/26/2016,8:00PM,OKL,PHI,4200,15.25
,DraftKings,9434,Booker,Devin,SG,104,PHX,Phoenix,Suns,33952,10/26/2016,10:00PM,SAC,PHX,6500,23
,DraftKings,9461,Cauley-Stein,Willie,C,103,SAC,Sacramento,Kings,33952,10/26/2016,10:00PM,SAC,PHX,3800,11
,DraftKings,9500,Powell,Norman,SG,81,TOR,Toronto,Raptors,33947,10/26/2016,7:30PM,DET,TOR,3700,1.25
,DraftKings,10090,Brown,Jaylen,SF,82,BOS,Boston,Celtics,33946,10/26/2016,7:30PM,BRO,BOS,3400,18.5
,DraftKings,10118,Brussino,Nicolas,F,108,DAL,Dallas,Mavericks,33945,10/26/2016,7:00PM,DAL,IND,3000,1.5
,DraftKings,10134,Murray,Jamal,G,99,DEN,Denver,Nuggets,33950,10/26/2016,8:00PM,DEN,NOP,3900,7
,DraftKings,10149,Ingram,Brandon,F,105,LAL,Los Angeles,Lakers,33953,10/26/2016,10:30PM,HOU,LAL,4300,12.75
,DraftKings,11414,Williams,Troy,F,107,MEM,Memphis,Grizzlies,33949,10/26/2016,8:00PM,MIN,MEM,3000,0
,DraftKings,10132,Davis,Deyonta,F,107,MEM,Memphis,Grizzlies,33949,10/26/2016,8:00PM,MIN,MEM,3000,4.5
,DraftKings,10130,Harrison,Andrew,G,107,MEM,Memphis,Grizzlies,33949,10/26/2016,8:00PM,MIN,MEM,3000,14.25
,DraftKings,9663,McGruder,Rodney,SG,92,MIA,Miami,Heat,33944,10/26/2016,7:00PM,MIA,ORL,3000,13.25
,DraftKings,10127,Brogdon,Malcolm,G,90,MIL,Milwaukee,Bucks,33948,10/26/2016,8:00PM,CHA,MIL,3300,23
,DraftKings,10129,Dunn,Kris,G,100,MIN,Minnesota,Timberwolves,33949,10/26/2016,8:00PM,MIN,MEM,3800,16
,DraftKings,10136,Hield,Buddy,G,110,NOP,New Orleans,Pelicans,33950,10/26/2016,8:00PM,DEN,NOP,3800,9.75
,DraftKings,10115,Saric,Dario,F,85,PHI,Philadelphia,76ers,33951,10/26/2016,8:00PM,OKL,PHI,4700,15.75
,DraftKings,10114,Rodriguez,Sergio,G,85,PHI,Philadelphia,76ers,33951,10/26/2016,8:00PM,OKL,PHI,3500,19.5
,DraftKings,10143,Bender,Dragan,F,104,PHX,Phoenix,Suns,33952,10/26/2016,10:00PM,SAC,PHX,3000,15.5
,DraftKings,10145,Ulis,Tyler,G,104,PHX,Phoenix,Suns,33952,10/26/2016,10:00PM,SAC,PHX,3000,8.25
,DraftKings,10144,Chriss,Marquese,F,104,PHX,Phoenix,Suns,33952,10/26/2016,10:00PM,SAC,PHX,3200,15
,DraftKings,10123,Siakam,Pascal,F,81,TOR,Toronto,Raptors,33947,10/26/2016,7:30PM,DET,TOR,3600,17.25
,DraftKings,10122,Poeltl,Jakob,C,81,TOR,Toronto,Raptors,33947,10/26/2016,7:30PM,DET,TOR,3000,4.5
,DraftKings,9314,Dragic,Goran,PG,92,MIA,Miami,Heat,33944,10/26/2016,7:00PM,MIA,ORL,7000,31
,DraftKings,9489,DeRozan,DeMar,SG,81,TOR,Toronto,Raptors,33947,10/26/2016,7:30PM,DET,TOR,7200,45.5
,DraftKings,9428,Bledsoe,Eric,PG,104,PHX,Phoenix,Suns,33952,10/26/2016,10:00PM,SAC,PHX,7900,32
,DraftKings,9490,Lowry,Kyle,PG,81,TOR,Toronto,Raptors,33947,10/26/2016,7:30PM,DET,TOR,7800,29.75
,DraftKings,9457,Cousins,DeMarcus,C,103,SAC,Sacramento,Kings,33952,10/26/2016,10:00PM,SAC,PHX,10600,35
,DraftKings,9101,Thomas,Isaiah,PG,82,BOS,Boston,Celtics,33946,10/26/2016,7:30PM,BRO,BOS,7500,49.5
,DraftKings,9459,Gay,Rudy,SF,103,SAC,Sacramento,Kings,33952,10/26/2016,10:00PM,SAC,PHX,6300,37.25
,DraftKings,9091,Teague,Jeff,PG,87,IND,Indiana,Pacers,33945,10/26/2016,7:00PM,DAL,IND,6000,39
,DraftKings,9307,Deng,Luol,PF,105,LAL,Los Angeles,Lakers,33953,10/26/2016,10:30PM,HOU,LAL,4800,16.75
,DraftKings,9119,Young,Thaddeus,PF,87,IND,Indiana,Pacers,33945,10/26/2016,7:00PM,DAL,IND,5500,24.75
,DraftKings,9082,Horford,Al,C,82,BOS,Boston,Celtics,33946,10/26/2016,7:30PM,BRO,BOS,7000,33.75
,DraftKings,9190,Augustin,D.J.,PG,95,ORL,Orlando,Magic,33944,10/26/2016,7:00PM,MIA,ORL,3000,9.25
,DraftKings,9375,Afflalo,Arron,SG,103,SAC,Sacramento,Kings,33952,10/26/2016,10:00PM,SAC,PHX,3700,14.75
,DraftKings,9436,Knight,Brandon,SG,104,PHX,Phoenix,Suns,33952,10/26/2016,10:00PM,SAC,PHX,6100,14.75
,DraftKings,9261,Lawson,Ty,G,103,SAC,Sacramento,Kings,33952,10/26/2016,10:00PM,SAC,PHX,5500,32.5
,DraftKings,9296,Conley,Mike,PG,107,MEM,Memphis,Grizzlies,33949,10/26/2016,8:00PM,MIN,MEM,6800,34.25
,DraftKings,9133,Batum,Nicolas,SF,93,CHA,Charlotte,Hornets,33948,10/26/2016,8:00PM,CHA,MIL,6400,31
,DraftKings,9294,Randolph,Zach,PF,107,MEM,Memphis,Grizzlies,33949,10/26/2016,8:00PM,MIN,MEM,5700,35.25
,DraftKings,9316,Green,Gerald,SG,82,BOS,Boston,Celtics,33946,10/26/2016,7:30PM,BRO,BOS,3000,18.25
,DraftKings,9184,Williams,Deron,PG,108,DAL,Dallas,Mavericks,33945,10/26/2016,7:00PM,DAL,IND,5400,40.75
,DraftKings,9271,Green,Jeff,SF,95,ORL,Orlando,Magic,33944,10/26/2016,7:00PM,MIA,ORL,3800,11.75
,DraftKings,9255,Stuckey,Rodney,PG,87,IND,Indiana,Pacers,33945,10/26/2016,7:00PM,DAL,IND,3300,12.75
,DraftKings,9202,Drummond,Andre,C,88,DET,Detroit,Pistons,33947,10/26/2016,7:30PM,DET,TOR,8400,23.5
,DraftKings,9335,Monroe,Greg,C,90,MIL,Milwaukee,Bucks,33948,10/26/2016,8:00PM,CHA,MIL,5500,40
,DraftKings,9188,Chandler,Wilson,F,99,DEN,Denver,Nuggets,33950,10/26/2016,8:00PM,DEN,NOP,4200,21.75
,DraftKings,9292,Carter,Vince,SG,107,MEM,Memphis,Grizzlies,33949,10/26/2016,8:00PM,MIN,MEM,3000,17.25
,DraftKings,9295,Gasol,Marc,C,107,MEM,Memphis,Grizzlies,33949,10/26/2016,8:00PM,MIN,MEM,6000,31.25
,DraftKings,9179,Matthews,Wesley,SG,108,DAL,Dallas,Mavericks,33945,10/26/2016,7:00PM,DAL,IND,4900,30.25
,DraftKings,9097,Bradley,Avery,SG,82,BOS,Boston,Celtics,33946,10/26/2016,7:30PM,BRO,BOS,4800,37.75
,DraftKings,9400,Ilyasova,Ersan,PF,96,OKL,Oklahoma City,Thunder,33951,10/26/2016,8:00PM,OKL,PHI,4200,20.75
,DraftKings,9220,Barnes,Harrison,F,108,DAL,Dallas,Mavericks,33945,10/26/2016,7:00PM,DAL,IND,5800,30.75
,DraftKings,9518,Sessions,Ramon,PG,93,CHA,Charlotte,Hornets,33948,10/26/2016,8:00PM,CHA,MIL,3400,3.5
,DraftKings,9277,Hibbert,Roy,C,93,CHA,Charlotte,Hornets,33948,10/26/2016,8:00PM,CHA,MIL,3000,42.5
,DraftKings,9109,Johnson,Amir,PF,82,BOS,Boston,Celtics,33946,10/26/2016,7:30PM,BRO,BOS,3700,19.75
,DraftKings,9207,Morris,Marcus,SF,88,DET,Detroit,Pistons,33947,10/26/2016,7:30PM,DET,TOR,4600,34.75
,DraftKings,9189,Faried,Kenneth,PF,99,DEN,Denver,Nuggets,33950,10/26/2016,8:00PM,DEN,NOP,4600,30.5
,DraftKings,9338,Rubio,Ricky,PG,100,MIN,Minnesota,Timberwolves,33949,10/26/2016,8:00PM,MIN,MEM,6400,20
,DraftKings,9491,Valanciunas,Jonas,C,81,TOR,Toronto,Raptors,33947,10/26/2016,7:30PM,DET,TOR,6500,48.25
,DraftKings,9388,Ibaka,Serge,PF,95,ORL,Orlando,Magic,33944,10/26/2016,7:00PM,MIA,ORL,6200,25.75
,DraftKings,9187,Gallinari,Danilo,SF,99,DEN,Denver,Nuggets,33950,10/26/2016,8:00PM,DEN,NOP,6200,30.75
,DraftKings,9208,Tolliver,Anthony,PF,103,SAC,Sacramento,Kings,33952,10/26/2016,10:00PM,SAC,PHX,3000,15.25
,DraftKings,9240,Brewer,Corey,SF,109,HOU,Houston,Rockets,33953,10/26/2016,10:30PM,HOU,LAL,3000,7
,DraftKings,9203,Caldwell-Pope,Kentavious,SG,88,DET,Detroit,Pistons,33947,10/26/2016,7:30PM,DET,TOR,4400,12
,DraftKings,9496,Carroll,DeMarre,SF,81,TOR,Toronto,Raptors,33947,10/26/2016,7:30PM,DET,TOR,4800,21.25
,DraftKings,9492,Ross,Terrence,SF,81,TOR,Toronto,Raptors,33947,10/26/2016,7:30PM,DET,TOR,3200,17
,DraftKings,9438,Teletovic,Mirza,PF,90,MIL,Milwaukee,Bucks,33948,10/26/2016,8:00PM,CHA,MIL,4300,9.5
,DraftKings,9493,Johnson,James,PF,92,MIA,Miami,Heat,33944,10/26/2016,7:00PM,MIA,ORL,3000,23
,DraftKings,9458,McLemore,Ben,SG,103,SAC,Sacramento,Kings,33952,10/26/2016,10:00PM,SAC,PHX,3100,8.5
,DraftKings,9488,Patterson,Patrick,PF,81,TOR,Toronto,Raptors,33947,10/26/2016,7:30PM,DET,TOR,3900,11.5
,DraftKings,9322,Plumlee,Miles,C,90,MIL,Milwaukee,Bucks,33948,10/26/2016,8:00PM,CHA,MIL,3300,6.75
,DraftKings,9160,Mozgov,Timofey,C,105,LAL,Los Angeles,Lakers,33953,10/26/2016,10:30PM,HOU,LAL,4400,24
,DraftKings,9462,Casspi,Omri,SF,103,SAC,Sacramento,Kings,33952,10/26/2016,10:00PM,SAC,PHX,4000,8.75
,DraftKings,9217,Bogut,Andrew,C,108,DAL,Dallas,Mavericks,33945,10/26/2016,7:00PM,DAL,IND,5000,19.5
,DraftKings,9342,Wiggins,Andrew,SF,100,MIN,Minnesota,Timberwolves,33949,10/26/2016,8:00PM,MIN,MEM,6500,35.25
,DraftKings,9329,Parker,Jabari,PF,90,MIL,Milwaukee,Bucks,33948,10/26/2016,8:00PM,CHA,MIL,6700,24
,DraftKings,9528,Dudley,Jared,PF,104,PHX,Phoenix,Suns,33952,10/26/2016,10:00PM,SAC,PHX,3800,10
,DraftKings,9325,Antetokounmpo,Giannis,PG,90,MIL,Milwaukee,Bucks,33948,10/26/2016,8:00PM,CHA,MIL,8800,53.75
,DraftKings,9541,Udrih,Beno,G,88,DET,Detroit,Pistons,33947,10/26/2016,7:30PM,DET,TOR,3300,9.25
,DraftKings,9463,Koufos,Kosta,C,103,SAC,Sacramento,Kings,33952,10/26/2016,10:00PM,SAC,PHX,3100,8
,DraftKings,9432,Leuer,Jon,PF,88,DET,Detroit,Pistons,33947,10/26/2016,7:30PM,DET,TOR,3300,22.25
,DraftKings,9099,Zeller,Tyler,C,82,BOS,Boston,Celtics,33946,10/26/2016,7:30PM,BRO,BOS,3000,26
,DraftKings,9145,Snell,Tony,SF,90,MIL,Milwaukee,Bucks,33948,10/26/2016,8:00PM,CHA,MIL,3500,
,DraftKings,9108,Jerebko,Jonas,PF,82,BOS,Boston,Celtics,33946,10/26/2016,7:30PM,BRO,BOS,3000,17.25
,DraftKings,9192,Nurkic,Jusuf,C,99,DEN,Denver,Nuggets,33950,10/26/2016,8:00PM,DEN,NOP,5800,40.25
,DraftKings,9417,Stauskas,Nik,SG,85,PHI,Philadelphia,76ers,33951,10/26/2016,8:00PM,OKL,PHI,3100,19.5
,DraftKings,9197,Barton,Will,SG,99,DEN,Denver,Nuggets,33950,10/26/2016,8:00PM,DEN,NOP,4600,31.25
,DraftKings,9339,Muhammad,Shabazz,SF,100,MIN,Minnesota,Timberwolves,33949,10/26/2016,8:00PM,MIN,MEM,3100,4.5
,DraftKings,9431,Len,Alex,C,104,PHX,Phoenix,Suns,33952,10/26/2016,10:00PM,SAC,PHX,4900,21.25
,DraftKings,9219,Rush,Brandon,SG,100,MIN,Minnesota,Timberwolves,33949,10/26/2016,8:00PM,MIN,MEM,3000,3.5
,DraftKings,9229,Barbosa,Leandro,SG,104,PHX,Phoenix,Suns,33952,10/26/2016,10:00PM,SAC,PHX,3000,1.25
,DraftKings,9272,Aldrich,Cole,C,100,MIN,Minnesota,Timberwolves,33949,10/26/2016,8:00PM,MIN,MEM,3600,10.5
,DraftKings,9154,Brooks,Aaron,PG,87,IND,Indiana,Pacers,33945,10/26/2016,7:00PM,DAL,IND,3000,0
,DraftKings,9177,Powell,Dwight,PF,108,DAL,Dallas,Mavericks,33945,10/26/2016,7:00PM,DAL,IND,3700,12.25
,DraftKings,9135,Jefferson,Al,C,87,IND,Indiana,Pacers,33945,10/26/2016,7:00PM,DAL,IND,3900,16
,DraftKings,9129,Walker,Kemba,PG,93,CHA,Charlotte,Hornets,33948,10/26/2016,8:00PM,CHA,MIL,7700,34.75
,DraftKings,9450,Henderson,Gerald,SG,85,PHI,Philadelphia,76ers,33951,10/26/2016,8:00PM,OKL,PHI,3700,12.5
,DraftKings,9293,Stephenson,Lance,G,110,NOP,New Orleans,Pelicans,33950,10/26/2016,8:00PM,DEN,NOP,3000,17.25
,DraftKings,9134,Williams,Marvin,PF,93,CHA,Charlotte,Hornets,33948,10/26/2016,8:00PM,CHA,MIL,4700,33
,DraftKings,9128,Kidd-Gilchrist,Michael,SF,93,CHA,Charlotte,Hornets,33948,10/26/2016,8:00PM,CHA,MIL,5000,46
,DraftKings,9130,Zeller,Cody,C,93,CHA,Charlotte,Hornets,33948,10/26/2016,8:00PM,CHA,MIL,4500,23.75
,DraftKings,9384,Waiters,Dion,SG,92,MIA,Miami,Heat,33944,10/26/2016,7:00PM,MIA,ORL,4100,22
,DraftKings,9132,Hawes,Spencer,PF,93,CHA,Charlotte,Hornets,33948,10/26/2016,8:00PM,CHA,MIL,3000,12
,DraftKings,9298,Barnes,Matt,SF,103,SAC,Sacramento,Kings,33952,10/26/2016,10:00PM,SAC,PHX,3900,27.75
,DraftKings,9131,Lamb,Jeremy,SG,93,CHA,Charlotte,Hornets,33948,10/26/2016,8:00PM,CHA,MIL,3000,4.25
,DraftKings,9166,Dellavedova,Matthew,PG,90,MIL,Milwaukee,Bucks,33948,10/26/2016,8:00PM,CHA,MIL,4000,18.75
,DraftKings,9340,Dieng,Gorgui,C,100,MIN,Minnesota,Timberwolves,33949,10/26/2016,8:00PM,MIN,MEM,5600,40
,DraftKings,9204,Bullock,Reggie,SF,88,DET,Detroit,Pistons,33947,10/26/2016,7:30PM,DET,TOR,3000,0
,DraftKings,9257,Robinson III,Glenn,SF,87,IND,Indiana,Pacers,33945,10/26/2016,7:00PM,DAL,IND,3000,-0.5
,DraftKings,9343,LaVine,Zach,SG,100,MIN,Minnesota,Timberwolves,33949,10/26/2016,8:00PM,MIN,MEM,5400,32.25
,DraftKings,9525,Temple,Garrett,SF,103,SAC,Sacramento,Kings,33952,10/26/2016,10:00PM,SAC,PHX,3500,18
,DraftKings,9312,Whiteside,Hassan,C,92,MIA,Miami,Heat,33944,10/26/2016,7:00PM,MIA,ORL,8600,46
,DraftKings,9430,Tucker,P.J.,SF,104,PHX,Phoenix,Suns,33952,10/26/2016,10:00PM,SAC,PHX,3600,-0.5
,DraftKings,9324,Henson,John,C,90,MIL,Milwaukee,Bucks,33948,10/26/2016,8:00PM,CHA,MIL,3100,9
,DraftKings,9330,Ennis,Tyler,PG,109,HOU,Houston,Rockets,33953,10/26/2016,10:30PM,HOU,LAL,3000,8
,DraftKings,9377,Williams,Derrick,SF,92,MIA,Miami,Heat,33944,10/26/2016,7:00PM,MIA,ORL,3900,0
,DraftKings,9254,Allen,Lavoy,PF,87,IND,Indiana,Pacers,33945,10/26/2016,7:00PM,DAL,IND,3100,13.25
,DraftKings,9418,Embiid,Joel,C,85,PHI,Philadelphia,76ers,33951,10/26/2016,8:00PM,OKL,PHI,5400,31.25
,DraftKings,9250,George,Paul,SF,87,IND,Indiana,Pacers,33945,10/26/2016,7:00PM,DAL,IND,8700,45
,DraftKings,9311,Johnson,Tyler,SG,92,MIA,Miami,Heat,33944,10/26/2016,7:00PM,MIA,ORL,4200,30.5
,DraftKings,9302,Green,JaMychal,PF,107,MEM,Memphis,Grizzlies,33949,10/26/2016,8:00PM,MIN,MEM,4100,24.75
,DraftKings,9284,Black,Tarik,C,105,LAL,Los Angeles,Lakers,33953,10/26/2016,10:30PM,HOU,LAL,3000,10.5
,DraftKings,9232,Harden,James,SG,109,HOU,Houston,Rockets,33953,10/26/2016,10:30PM,HOU,LAL,10900,70
,DraftKings,9172,Nowitzki,Dirk,PF,108,DAL,Dallas,Mavericks,33945,10/26/2016,7:00PM,DAL,IND,5800,44
,DraftKings,9354,Davis,Anthony,PF,110,NOP,New Orleans,Pelicans,33950,10/26/2016,8:00PM,DEN,NOP,10100,99.5
,DraftKings,9253,Ellis,Monta,SG,87,IND,Indiana,Pacers,33945,10/26/2016,7:00PM,DAL,IND,5100,43.25
,DraftKings,9353,Anderson,Ryan,PF,109,HOU,Houston,Rockets,33953,10/26/2016,10:30PM,HOU,LAL,6700,28
,DraftKings,9352,Gordon,Eric,SG,109,HOU,Houston,Rockets,33953,10/26/2016,10:30PM,HOU,LAL,5000,27.75
,DraftKings,9195,Nelson,Jameer,PG,99,DEN,Denver,Nuggets,33950,10/26/2016,8:00PM,DEN,NOP,3000,16.5
,DraftKings,9412,Vucevic,Nikola,C,95,ORL,Orlando,Magic,33944,10/26/2016,7:00PM,MIA,ORL,6600,44
,DraftKings,9212,Harris,Tobias,PF,88,DET,Detroit,Pistons,33947,10/26/2016,7:30PM,DET,TOR,5700,29.75
,DraftKings,9235,Ariza,Trevor,SF,109,HOU,Houston,Rockets,33953,10/26/2016,10:30PM,HOU,LAL,5800,20
,DraftKings,9470,Belinelli,Marco,SG,93,CHA,Charlotte,Hornets,33948,10/26/2016,8:00PM,CHA,MIL,3300,13.5
,DraftKings,9399,Fournier,Evan,SF,95,ORL,Orlando,Magic,33944,10/26/2016,7:00PM,MIA,ORL,6400,35.5
,DraftKings,9435,Chandler,Tyson,C,104,PHX,Phoenix,Suns,33952,10/26/2016,10:00PM,SAC,PHX,4600,20
,DraftKings,9358,Asik,Omer,C,110,NOP,New Orleans,Pelicans,33950,10/26/2016,8:00PM,DEN,NOP,3300,4.75
,DraftKings,9357,Ajinca,Alexis,C,110,NOP,New Orleans,Pelicans,33950,10/26/2016,8:00PM,DEN,NOP,3200,1.25
,DraftKings,9243,Terry,Jason,SG,90,MIL,Milwaukee,Bucks,33948,10/26/2016,8:00PM,CHA,MIL,3100,9
,DraftKings,9407,Payton,Elfrid,PG,95,ORL,Orlando,Magic,33944,10/26/2016,7:00PM,MIA,ORL,5600,30.5
,DraftKings,9406,Gordon,Aaron,PF,95,ORL,Orlando,Magic,33944,10/26/2016,7:00PM,MIA,ORL,6300,31.5
,DraftKings,9282,Randle,Julius,PF,105,LAL,Los Angeles,Lakers,33953,10/26/2016,10:30PM,HOU,LAL,5900,36.75
,DraftKings,9498,Joseph,Cory,SG,81,TOR,Toronto,Raptors,33947,10/26/2016,7:30PM,DET,TOR,3500,15.5
,DraftKings,9136,Daniels,Troy,SG,107,MEM,Memphis,Grizzlies,33949,10/26/2016,8:00PM,MIN,MEM,3000,0
,DraftKings,9237,Capela,Clint,C,109,HOU,Houston,Rockets,33953,10/26/2016,10:30PM,HOU,LAL,5900,28.75
,DraftKings,9211,Baynes,Aron,C,88,DET,Detroit,Pistons,33947,10/26/2016,7:30PM,DET,TOR,3000,11.75
,DraftKings,9107,Crowder,Jae,SF,82,BOS,Boston,Celtics,33946,10/26/2016,7:30PM,BRO,BOS,5400,36.75
,DraftKings,9283,Clarkson,Jordan,SG,105,LAL,Los Angeles,Lakers,33953,10/26/2016,10:30PM,HOU,LAL,6100,35.25
,DraftKings,9420,Covington,Robert,SF,85,PHI,Philadelphia,76ers,33951,10/26/2016,8:00PM,OKL,PHI,5300,26.25
,DraftKings,9280,Young,Nick,SG,105,LAL,Los Angeles,Lakers,33953,10/26/2016,10:30PM,HOU,LAL,3300,16.25
,DraftKings,9360,Babbitt,Luke,SF,92,MIA,Miami,Heat,33944,10/26/2016,7:00PM,MIA,ORL,3000,13.25
,DraftKings,9245,Beasley,Michael,F,90,MIL,Milwaukee,Bucks,33948,10/26/2016,8:00PM,CHA,MIL,3800,8
,DraftKings,9118,Lopez,Brook,C,84,BRO,Brooklyn,Nets,33946,10/26/2016,7:30PM,BRO,BOS,7400,12.75
,DraftKings,9467,Curry,Seth,PG,108,DAL,Dallas,Mavericks,33945,10/26/2016,7:00PM,DAL,IND,3800,20.75
,DraftKings,9508,Booker,Trevor,PF,84,BRO,Brooklyn,Nets,33946,10/26/2016,7:30PM,BRO,BOS,4200,29.75
,DraftKings,9116,Hollis-Jefferson,Rondae,SF,84,BRO,Brooklyn,Nets,33946,10/26/2016,7:30PM,BRO,BOS,4600,9
,DraftKings,9125,Kilpatrick,Sean,SG,84,BRO,Brooklyn,Nets,33946,10/26/2016,7:30PM,BRO,BOS,3600,20.5
,DraftKings,9114,Bogdanovic,Bojan,SF,84,BRO,Brooklyn,Nets,33946,10/26/2016,7:30PM,BRO,BOS,4100,29.75
,DraftKings,9658,Hamilton,Justin,C,84,BRO,Brooklyn,Nets,33946,10/26/2016,7:30PM,BRO,BOS,3000,37
,DraftKings,9540,Harris,Joe,SG,84,BRO,Brooklyn,Nets,33946,10/26/2016,7:30PM,BRO,BOS,3000,34
,DraftKings,9387,Westbrook,Russell,PG,96,OKL,Oklahoma City,Thunder,33951,10/26/2016,8:00PM,OKL,PHI,11500,61.5
,DraftKings,9138,Lin,Jeremy,SG,84,BRO,Brooklyn,Nets,33946,10/26/2016,7:30PM,BRO,BOS,6000,28.25
,DraftKings,9396,Kanter,Enes,C,96,OKL,Oklahoma City,Thunder,33951,10/26/2016,8:00PM,OKL,PHI,6100,37.5
,DraftKings,9242,McDaniels,KJ,SF,109,HOU,Houston,Rockets,33953,10/26/2016,10:30PM,HOU,LAL,3000,12.75
,DraftKings,9499,Scola,Luis,PF,84,BRO,Brooklyn,Nets,33946,10/26/2016,7:30PM,BRO,BOS,3400,13.25
,DraftKings,9385,Roberson,Andre,SG,96,OKL,Oklahoma City,Thunder,33951,10/26/2016,8:00PM,OKL,PHI,3400,20.25
,DraftKings,9247,Miles,CJ,SF,87,IND,Indiana,Pacers,33945,10/26/2016,7:00PM,DAL,IND,3200,14.5
,DraftKings,9326,Vasquez,Greivis,PG,84,BRO,Brooklyn,Nets,33946,10/26/2016,7:30PM,BRO,BOS,3500,6.5
,DraftKings,9390,Adams,Steven,C,96,OKL,Oklahoma City,Thunder,33951,10/26/2016,8:00PM,OKL,PHI,5800,28.75
,DraftKings,9395,Singler,Kyle,SF,96,OKL,Oklahoma City,Thunder,33951,10/26/2016,8:00PM,OKL,PHI,3000,6.25
,DraftKings,9287,Williams,Lou,SG,105,LAL,Los Angeles,Lakers,33953,10/26/2016,10:30PM,HOU,LAL,4200,21.5
,DraftKings,9402,Oladipo,Victor,SG,96,OKL,Oklahoma City,Thunder,33951,10/26/2016,8:00PM,OKL,PHI,7100,18.25
,DraftKings,9233,Jones,Terrence,PF,110,NOP,New Orleans,Pelicans,33950,10/26/2016,8:00PM,DEN,NOP,4500,17.25
,DraftKings,9423,McConnell,TJ,PG,85,PHI,Philadelphia,76ers,33951,10/26/2016,8:00PM,OKL,PHI,3800,16.5
,DraftKings,9433,Warren,TJ,SF,104,PHX,Phoenix,Suns,33952,10/26/2016,10:00PM,SAC,PHX,4200,25.75
,DraftKings,9123,Reed,Willie,PF,92,MIA,Miami,Heat,33944,10/26/2016,7:00PM,MIA,ORL,3400,21
,DraftKings,9367,Ennis III,James,SF,107,MEM,Memphis,Grizzlies,33949,10/26/2016,8:00PM,MIN,MEM,3600,25.5
,DraftKings,9251,Hill,Solomon,SF,110,NOP,New Orleans,Pelicans,33950,10/26/2016,8:00PM,DEN,NOP,4000,5.75
,DraftKings,9147,Moore,E'Twaun,SG,110,NOP,New Orleans,Pelicans,33950,10/26/2016,8:00PM,DEN,NOP,4500,21.25
,DraftKings,9366,Frazier,Tim,PG,110,NOP,New Orleans,Pelicans,33950,10/26/2016,8:00PM,DEN,NOP,4800,43.25
,DraftKings,9425,Smith,Ish,PG,88,DET,Detroit,Pistons,33947,10/26/2016,7:30PM,DET,TOR,4700,19.75
,DraftKings,10113,Sabonis,Domantas,PF,96,OKL,Oklahoma City,Thunder,33951,10/26/2016,8:00PM,OKL,PHI,3900,10.5
,DraftKings,9419,Grant,Jerami,SF,85,PHI,Philadelphia,76ers,33951,10/26/2016,8:00PM,OKL,PHI,4000,18
,DraftKings,9392,Morrow,Anthony,SG,96,OKL,Oklahoma City,Thunder,33951,10/26/2016,8:00PM,OKL,PHI,3000,0
,DraftKings,10138,Abrines,Alex,F,96,OKL,Oklahoma City,Thunder,33951,10/26/2016,8:00PM,OKL,PHI,3000,7.75
,DraftKings,9372,Galloway,Langston,PG,110,NOP,New Orleans,Pelicans,33950,10/26/2016,8:00PM,DEN,NOP,3100,11
,DraftKings,10088,Christon,Semaj,G,96,OKL,Oklahoma City,Thunder,33951,10/26/2016,8:00PM,OKL,PHI,3000,11.25
,DraftKings,10131,Baldwin IV,Wade,G,107,MEM,Memphis,Grizzlies,33949,10/26/2016,8:00PM,MIN,MEM,3000,3.5
,DraftKings,9117,McCullough,Chris,PF,84,BRO,Brooklyn,Nets,33946,10/26/2016,7:30PM,BRO,BOS,3000,4.5
,DraftKings,9266,Wilcox,CJ,SG,95,ORL,Orlando,Magic,33944,10/26/2016,7:00PM,MIA,ORL,3000,0
,DraftKings,9484,Marjanovic,Boban,C,88,DET,Detroit,Pistons,33947,10/26/2016,7:30PM,DET,TOR,3000,3.25
,DraftKings,9180,Barea,J.J.,PG,108,DAL,Dallas,Mavericks,33945,10/26/2016,7:00PM,DAL,IND,3600,35
,DraftKings,9416,Thompson,Hollis,SG,85,PHI,Philadelphia,76ers,33951,10/26/2016,8:00PM,OKL,PHI,3100,10.5
,FanDuel,9487,Nogueira,Lucas,C,81,TOR,Toronto,Raptors,33947,10/26/2016,7:30PM,DET,TOR,3500,0
,FanDuel,9105,Rozier,Terry,PG,82,BOS,Boston,Celtics,33946,10/26/2016,7:30PM,BRO,BOS,3500,16.1
,FanDuel,9178,Anderson,Justin,SF,108,DAL,Dallas,Mavericks,33945,10/26/2016,7:00PM,DAL,IND,4000,18
,FanDuel,9194,Mudiay,Emmanuel,PG,99,DEN,Denver,Nuggets,33950,10/26/2016,8:00PM,DEN,NOP,5800,19.9
,FanDuel,9196,Jokic,Nikola,C,99,DEN,Denver,Nuggets,33950,10/26/2016,8:00PM,DEN,NOP,6300,12.4
,FanDuel,9210,Johnson,Stanley,SF,88,DET,Detroit,Pistons,33947,10/26/2016,7:30PM,DET,TOR,3500,7.1
,FanDuel,9238,Dekker,Sam,SF,109,HOU,Houston,Rockets,33953,10/26/2016,10:30PM,HOU,LAL,3500,7.2
,FanDuel,9244,Harrell,Montrezl,PF,109,HOU,Houston,Rockets,33953,10/26/2016,10:30PM,HOU,LAL,3500,0
,FanDuel,9252,Turner,Myles,C,87,IND,Indiana,Pacers,33945,10/26/2016,7:00PM,DAL,IND,6400,60.7
,FanDuel,9290,Huertas,Marcelo,PG,105,LAL,Los Angeles,Lakers,33953,10/26/2016,10:30PM,HOU,LAL,3500,6.5
,FanDuel,9286,Nance Jr.,Larry,PF,105,LAL,Los Angeles,Lakers,33953,10/26/2016,10:30PM,HOU,LAL,3900,18
,FanDuel,9285,Russell,D'Angelo,PG,105,LAL,Los Angeles,Lakers,33953,10/26/2016,10:30PM,HOU,LAL,6500,24.7
,FanDuel,9333,Vaughn,Rashad,SG,90,MIL,Milwaukee,Bucks,33948,10/26/2016,8:00PM,CHA,MIL,4200,3.2
,FanDuel,9348,Bjelica,Nemanja,PF,100,MIN,Minnesota,Timberwolves,33949,10/26/2016,8:00PM,MIN,MEM,4200,6.2
,FanDuel,9346,Towns,Karl-Anthony,C,100,MIN,Minnesota,Timberwolves,33949,10/26/2016,8:00PM,MIN,MEM,8800,35.3
,FanDuel,9409,Hezonja,Mario,SF,95,ORL,Orlando,Magic,33944,10/26/2016,7:00PM,MIA,ORL,4300,9.6
,FanDuel,9421,Okafor,Jahlil,C,85,PHI,Philadelphia,76ers,33951,10/26/2016,8:00PM,OKL,PHI,6300,10.6
,FanDuel,9422,Holmes,Richaun,PF,85,PHI,Philadelphia,76ers,33951,10/26/2016,8:00PM,OKL,PHI,3500,14.6
,FanDuel,9434,Booker,Devin,SG,104,PHX,Phoenix,Suns,33952,10/26/2016,10:00PM,SAC,PHX,6200,20.9
,FanDuel,9461,Cauley-Stein,Willie,C,103,SAC,Sacramento,Kings,33952,10/26/2016,10:00PM,SAC,PHX,5400,10.4
,FanDuel,9500,Powell,Norman,SG,81,TOR,Toronto,Raptors,33947,10/26/2016,7:30PM,DET,TOR,3500,1.2
,FanDuel,10090,Brown,Jaylen,SF,82,BOS,Boston,Celtics,33946,10/26/2016,7:30PM,BRO,BOS,3500,17.9
,FanDuel,10118,Brussino,Nicolas,F,108,DAL,Dallas,Mavericks,33945,10/26/2016,7:00PM,DAL,IND,3500,1.5
,FanDuel,10134,Murray,Jamal,G,99,DEN,Denver,Nuggets,33950,10/26/2016,8:00PM,DEN,NOP,3500,6.3
,FanDuel,10149,Ingram,Brandon,F,105,LAL,Los Angeles,Lakers,33953,10/26/2016,10:30PM,HOU,LAL,4000,11.6
,FanDuel,11414,Williams,Troy,F,107,MEM,Memphis,Grizzlies,33949,10/26/2016,8:00PM,MIN,MEM,3800,0
,FanDuel,10132,Davis,Deyonta,F,107,MEM,Memphis,Grizzlies,33949,10/26/2016,8:00PM,MIN,MEM,3500,4.4
,FanDuel,10130,Harrison,Andrew,G,107,MEM,Memphis,Grizzlies,33949,10/26/2016,8:00PM,MIN,MEM,3500,12.6
,FanDuel,9663,McGruder,Rodney,SG,92,MIA,Miami,Heat,33944,10/26/2016,7:00PM,MIA,ORL,3500,12.6
,FanDuel,10127,Brogdon,Malcolm,G,90,MIL,Milwaukee,Bucks,33948,10/26/2016,8:00PM,CHA,MIL,3500,22.7
,FanDuel,10129,Dunn,Kris,G,100,MIN,Minnesota,Timberwolves,33949,10/26/2016,8:00PM,MIN,MEM,4300,15.3
,FanDuel,10136,Hield,Buddy,G,110,NOP,New Orleans,Pelicans,33950,10/26/2016,8:00PM,DEN,NOP,4500,9.7
,FanDuel,10115,Saric,Dario,F,85,PHI,Philadelphia,76ers,33951,10/26/2016,8:00PM,OKL,PHI,4900,14.4
,FanDuel,10143,Bender,Dragan,F,104,PHX,Phoenix,Suns,33952,10/26/2016,10:00PM,SAC,PHX,4000,14.4
,FanDuel,10145,Ulis,Tyler,G,104,PHX,Phoenix,Suns,33952,10/26/2016,10:00PM,SAC,PHX,3800,7.7
,FanDuel,10144,Chriss,Marquese,F,104,PHX,Phoenix,Suns,33952,10/26/2016,10:00PM,SAC,PHX,4200,12.8
,FanDuel,10123,Siakam,Pascal,F,81,TOR,Toronto,Raptors,33947,10/26/2016,7:30PM,DET,TOR,3500,16.8
,FanDuel,10122,Poeltl,Jakob,C,81,TOR,Toronto,Raptors,33947,10/26/2016,7:30PM,DET,TOR,3500,4.4
,FanDuel,9314,Dragic,Goran,PG,92,MIA,Miami,Heat,33944,10/26/2016,7:00PM,MIA,ORL,6900,29.2
,FanDuel,9489,DeRozan,DeMar,SG,81,TOR,Toronto,Raptors,33947,10/26/2016,7:30PM,DET,TOR,7500,42.3
,FanDuel,9428,Bledsoe,Eric,PG,104,PHX,Phoenix,Suns,33952,10/26/2016,10:00PM,SAC,PHX,7600,28.7
,FanDuel,9490,Lowry,Kyle,PG,81,TOR,Toronto,Raptors,33947,10/26/2016,7:30PM,DET,TOR,8000,28
,FanDuel,9457,Cousins,DeMarcus,C,103,SAC,Sacramento,Kings,33952,10/26/2016,10:00PM,SAC,PHX,10000,33.2
,FanDuel,9101,Thomas,Isaiah,PG,82,BOS,Boston,Celtics,33946,10/26/2016,7:30PM,BRO,BOS,8000,46.7
,FanDuel,9091,Teague,Jeff,PG,87,IND,Indiana,Pacers,33945,10/26/2016,7:00PM,DAL,IND,6200,37.4
,FanDuel,9307,Deng,Luol,PF,105,LAL,Los Angeles,Lakers,33953,10/26/2016,10:30PM,HOU,LAL,5600,15.5
,FanDuel,9119,Young,Thaddeus,PF,87,IND,Indiana,Pacers,33945,10/26/2016,7:00PM,DAL,IND,6600,23
,FanDuel,9082,Horford,Al,C,82,BOS,Boston,Celtics,33946,10/26/2016,7:30PM,BRO,BOS,7000,32
,FanDuel,9190,Augustin,D.J.,PG,95,ORL,Orlando,Magic,33944,10/26/2016,7:00PM,MIA,ORL,3500,8.7
,FanDuel,9375,Afflalo,Arron,SG,103,SAC,Sacramento,Kings,33952,10/26/2016,10:00PM,SAC,PHX,3900,13.6
,FanDuel,9436,Knight,Brandon,SG,104,PHX,Phoenix,Suns,33952,10/26/2016,10:00PM,SAC,PHX,6000,13.7
,FanDuel,9261,Lawson,Ty,G,103,SAC,Sacramento,Kings,33952,10/26/2016,10:00PM,SAC,PHX,5100,30.7
,FanDuel,9296,Conley,Mike,PG,107,MEM,Memphis,Grizzlies,33949,10/26/2016,8:00PM,MIN,MEM,6800,31.2
,FanDuel,9133,Batum,Nicolas,SF,93,CHA,Charlotte,Hornets,33948,10/26/2016,8:00PM,CHA,MIL,6200,29.7
,FanDuel,9294,Randolph,Zach,PF,107,MEM,Memphis,Grizzlies,33949,10/26/2016,8:00PM,MIN,MEM,5900,31.7
,FanDuel,9316,Green,Gerald,SG,82,BOS,Boston,Celtics,33946,10/26/2016,7:30PM,BRO,BOS,3800,17
,FanDuel,9184,Williams,Deron,PG,108,DAL,Dallas,Mavericks,33945,10/26/2016,7:00PM,DAL,IND,6000,35.1
,FanDuel,9271,Green,Jeff,SF,95,ORL,Orlando,Magic,33944,10/26/2016,7:00PM,MIA,ORL,4900,11.1
,FanDuel,9255,Stuckey,Rodney,PG,87,IND,Indiana,Pacers,33945,10/26/2016,7:00PM,DAL,IND,3900,11.1
,FanDuel,9202,Drummond,Andre,C,88,DET,Detroit,Pistons,33947,10/26/2016,7:30PM,DET,TOR,8200,21.2
,FanDuel,9335,Monroe,Greg,C,90,MIL,Milwaukee,Bucks,33948,10/26/2016,8:00PM,CHA,MIL,5800,37.5
,FanDuel,9188,Chandler,Wilson,F,99,DEN,Denver,Nuggets,33950,10/26/2016,8:00PM,DEN,NOP,5500,19.9
,FanDuel,9292,Carter,Vince,SG,107,MEM,Memphis,Grizzlies,33949,10/26/2016,8:00PM,MIN,MEM,3900,16.9
,FanDuel,9295,Gasol,Marc,C,107,MEM,Memphis,Grizzlies,33949,10/26/2016,8:00PM,MIN,MEM,7300,28.6
,FanDuel,9179,Matthews,Wesley,SG,108,DAL,Dallas,Mavericks,33945,10/26/2016,7:00PM,DAL,IND,4800,28.5
,FanDuel,9097,Bradley,Avery,SG,82,BOS,Boston,Celtics,33946,10/26/2016,7:30PM,BRO,BOS,5600,34.3
,FanDuel,9400,Ilyasova,Ersan,PF,96,OKL,Oklahoma City,Thunder,33951,10/26/2016,8:00PM,OKL,PHI,4200,19.5
,FanDuel,9220,Barnes,Harrison,F,108,DAL,Dallas,Mavericks,33945,10/26/2016,7:00PM,DAL,IND,4800,27.8
,FanDuel,9518,Sessions,Ramon,PG,93,CHA,Charlotte,Hornets,33948,10/26/2016,8:00PM,CHA,MIL,4000,3
,FanDuel,9277,Hibbert,Roy,C,93,CHA,Charlotte,Hornets,33948,10/26/2016,8:00PM,CHA,MIL,3500,39.5
,FanDuel,9109,Johnson,Amir,PF,82,BOS,Boston,Celtics,33946,10/26/2016,7:30PM,BRO,BOS,5000,17.4
,FanDuel,9207,Morris,Marcus,SF,88,DET,Detroit,Pistons,33947,10/26/2016,7:30PM,DET,TOR,5600,32.3
,FanDuel,9189,Faried,Kenneth,PF,99,DEN,Denver,Nuggets,33950,10/26/2016,8:00PM,DEN,NOP,5500,28.3
,FanDuel,9338,Rubio,Ricky,PG,100,MIN,Minnesota,Timberwolves,33949,10/26/2016,8:00PM,MIN,MEM,6500,18.8
,FanDuel,9491,Valanciunas,Jonas,C,81,TOR,Toronto,Raptors,33947,10/26/2016,7:30PM,DET,TOR,5700,45.7
,FanDuel,9388,Ibaka,Serge,PF,95,ORL,Orlando,Magic,33944,10/26/2016,7:00PM,MIA,ORL,4800,24.4
,FanDuel,9187,Gallinari,Danilo,SF,99,DEN,Denver,Nuggets,33950,10/26/2016,8:00PM,DEN,NOP,7100,28.6
,FanDuel,9208,Tolliver,Anthony,PF,103,SAC,Sacramento,Kings,33952,10/26/2016,10:00PM,SAC,PHX,3500,15
,FanDuel,9240,Brewer,Corey,SF,109,HOU,Houston,Rockets,33953,10/26/2016,10:30PM,HOU,LAL,3800,7
,FanDuel,9203,Caldwell-Pope,Kentavious,SG,88,DET,Detroit,Pistons,33947,10/26/2016,7:30PM,DET,TOR,5500,11.5
,FanDuel,9496,Carroll,DeMarre,SF,81,TOR,Toronto,Raptors,33947,10/26/2016,7:30PM,DET,TOR,4700,19.9
,FanDuel,9492,Ross,Terrence,SF,81,TOR,Toronto,Raptors,33947,10/26/2016,7:30PM,DET,TOR,3500,16.3
,FanDuel,9438,Teletovic,Mirza,PF,90,MIL,Milwaukee,Bucks,33948,10/26/2016,8:00PM,CHA,MIL,4000,8.9
,FanDuel,9493,Johnson,James,PF,92,MIA,Miami,Heat,33944,10/26/2016,7:00PM,MIA,ORL,3800,21.4
,FanDuel,9458,McLemore,Ben,SG,103,SAC,Sacramento,Kings,33952,10/26/2016,10:00PM,SAC,PHX,3600,8
,FanDuel,9488,Patterson,Patrick,PF,81,TOR,Toronto,Raptors,33947,10/26/2016,7:30PM,DET,TOR,3700,11.3
,FanDuel,9322,Plumlee,Miles,C,90,MIL,Milwaukee,Bucks,33948,10/26/2016,8:00PM,CHA,MIL,3900,6.7
,FanDuel,9160,Mozgov,Timofey,C,105,LAL,Los Angeles,Lakers,33953,10/26/2016,10:30PM,HOU,LAL,3900,22.6
,FanDuel,9462,Casspi,Omri,SF,103,SAC,Sacramento,Kings,33952,10/26/2016,10:00PM,SAC,PHX,4400,7.6
,FanDuel,9217,Bogut,Andrew,C,108,DAL,Dallas,Mavericks,33945,10/26/2016,7:00PM,DAL,IND,4000,18.7
,FanDuel,9342,Wiggins,Andrew,SF,100,MIN,Minnesota,Timberwolves,33949,10/26/2016,8:00PM,MIN,MEM,6600,33.4
,FanDuel,9329,Parker,Jabari,PF,90,MIL,Milwaukee,Bucks,33948,10/26/2016,8:00PM,CHA,MIL,6100,21.7
,FanDuel,9528,Dudley,Jared,PF,104,PHX,Phoenix,Suns,33952,10/26/2016,10:00PM,SAC,PHX,4200,9.9
,FanDuel,9325,Antetokounmpo,Giannis,PG,90,MIL,Milwaukee,Bucks,33948,10/26/2016,8:00PM,CHA,MIL,9400,52.3
,FanDuel,9541,Udrih,Beno,G,88,DET,Detroit,Pistons,33947,10/26/2016,7:30PM,DET,TOR,3500,9.2
,FanDuel,9463,Koufos,Kosta,C,103,SAC,Sacramento,Kings,33952,10/26/2016,10:00PM,SAC,PHX,3600,7.3
,FanDuel,9432,Leuer,Jon,PF,88,DET,Detroit,Pistons,33947,10/26/2016,7:30PM,DET,TOR,4000,20.8
,FanDuel,9099,Zeller,Tyler,C,82,BOS,Boston,Celtics,33946,10/26/2016,7:30PM,BRO,BOS,3800,25.3
,FanDuel,9145,Snell,Tony,SF,90,MIL,Milwaukee,Bucks,33948,10/26/2016,8:00PM,CHA,MIL,3900,
,FanDuel,9108,Jerebko,Jonas,PF,82,BOS,Boston,Celtics,33946,10/26/2016,7:30PM,BRO,BOS,4600,16.7
,FanDuel,9192,Nurkic,Jusuf,C,99,DEN,Denver,Nuggets,33950,10/26/2016,8:00PM,DEN,NOP,4600,39.3
,FanDuel,9417,Stauskas,Nik,SG,85,PHI,Philadelphia,76ers,33951,10/26/2016,8:00PM,OKL,PHI,3700,19.3
,FanDuel,9197,Barton,Will,SG,99,DEN,Denver,Nuggets,33950,10/26/2016,8:00PM,DEN,NOP,5100,29
,FanDuel,9339,Muhammad,Shabazz,SF,100,MIN,Minnesota,Timberwolves,33949,10/26/2016,8:00PM,MIN,MEM,4000,4.4
,FanDuel,9431,Len,Alex,C,104,PHX,Phoenix,Suns,33952,10/26/2016,10:00PM,SAC,PHX,6000,20.4
,FanDuel,9219,Rush,Brandon,SG,100,MIN,Minnesota,Timberwolves,33949,10/26/2016,8:00PM,MIN,MEM,3500,2.9
,FanDuel,9229,Barbosa,Leandro,SG,104,PHX,Phoenix,Suns,33952,10/26/2016,10:00PM,SAC,PHX,3500,1.2
,FanDuel,9272,Aldrich,Cole,C,100,MIN,Minnesota,Timberwolves,33949,10/26/2016,8:00PM,MIN,MEM,3800,10.4
,FanDuel,9154,Brooks,Aaron,PG,87,IND,Indiana,Pacers,33945,10/26/2016,7:00PM,DAL,IND,3500,0
,FanDuel,9177,Powell,Dwight,PF,108,DAL,Dallas,Mavericks,33945,10/26/2016,7:00PM,DAL,IND,3800,11.9
,FanDuel,9135,Jefferson,Al,C,87,IND,Indiana,Pacers,33945,10/26/2016,7:00PM,DAL,IND,4500,15.2
,FanDuel,9129,Walker,Kemba,PG,93,CHA,Charlotte,Hornets,33948,10/26/2016,8:00PM,CHA,MIL,8100,32.2
,FanDuel,9450,Henderson,Gerald,SG,85,PHI,Philadelphia,76ers,33951,10/26/2016,8:00PM,OKL,PHI,4200,11.4
,FanDuel,9293,Stephenson,Lance,G,110,NOP,New Orleans,Pelicans,33950,10/26/2016,8:00PM,DEN,NOP,4200,16.1
,FanDuel,9134,Williams,Marvin,PF,93,CHA,Charlotte,Hornets,33948,10/26/2016,8:00PM,CHA,MIL,5000,29
,FanDuel,9128,Kidd-Gilchrist,Michael,SF,93,CHA,Charlotte,Hornets,33948,10/26/2016,8:00PM,CHA,MIL,5400,43.8
,FanDuel,9130,Zeller,Cody,C,93,CHA,Charlotte,Hornets,33948,10/26/2016,8:00PM,CHA,MIL,4600,23.1
,FanDuel,9384,Waiters,Dion,SG,92,MIA,Miami,Heat,33944,10/26/2016,7:00PM,MIA,ORL,4500,21.2
,FanDuel,9132,Hawes,Spencer,PF,93,CHA,Charlotte,Hornets,33948,10/26/2016,8:00PM,CHA,MIL,3500,10.9
,FanDuel,9298,Barnes,Matt,SF,103,SAC,Sacramento,Kings,33952,10/26/2016,10:00PM,SAC,PHX,4300,25.9
,FanDuel,9131,Lamb,Jeremy,SG,93,CHA,Charlotte,Hornets,33948,10/26/2016,8:00PM,CHA,MIL,4000,4.2
,FanDuel,9166,Dellavedova,Matthew,PG,90,MIL,Milwaukee,Bucks,33948,10/26/2016,8:00PM,CHA,MIL,4500,17.1
,FanDuel,9340,Dieng,Gorgui,C,100,MIN,Minnesota,Timberwolves,33949,10/26/2016,8:00PM,MIN,MEM,5500,37.8
,FanDuel,9204,Bullock,Reggie,SF,88,DET,Detroit,Pistons,33947,10/26/2016,7:30PM,DET,TOR,3500,0
,FanDuel,9257,Robinson III,Glenn,SF,87,IND,Indiana,Pacers,33945,10/26/2016,7:00PM,DAL,IND,3500,-1
,FanDuel,9343,LaVine,Zach,SG,100,MIN,Minnesota,Timberwolves,33949,10/26/2016,8:00PM,MIN,MEM,5500,29.5
,FanDuel,9525,Temple,Garrett,SF,103,SAC,Sacramento,Kings,33952,10/26/2016,10:00PM,SAC,PHX,3800,16.9
,FanDuel,9312,Whiteside,Hassan,C,92,MIA,Miami,Heat,33944,10/26/2016,7:00PM,MIA,ORL,8700,43.3
,FanDuel,9430,Tucker,P.J.,SF,104,PHX,Phoenix,Suns,33952,10/26/2016,10:00PM,SAC,PHX,5000,-1
,FanDuel,9324,Henson,John,C,90,MIL,Milwaukee,Bucks,33948,10/26/2016,8:00PM,CHA,MIL,3700,8.8
,FanDuel,9330,Ennis,Tyler,PG,109,HOU,Houston,Rockets,33953,10/26/2016,10:30PM,HOU,LAL,3900,6
,FanDuel,9377,Williams,Derrick,SF,92,MIA,Miami,Heat,33944,10/26/2016,7:00PM,MIA,ORL,5000,0
,FanDuel,9254,Allen,Lavoy,PF,87,IND,Indiana,Pacers,33945,10/26/2016,7:00PM,DAL,IND,3800,13
,FanDuel,9418,Embiid,Joel,C,85,PHI,Philadelphia,76ers,33951,10/26/2016,8:00PM,OKL,PHI,4700,28.4
,FanDuel,9250,George,Paul,SF,87,IND,Indiana,Pacers,33945,10/26/2016,7:00PM,DAL,IND,9500,41.6
,FanDuel,9311,Johnson,Tyler,SG,92,MIA,Miami,Heat,33944,10/26/2016,7:00PM,MIA,ORL,4200,29.7
,FanDuel,9302,Green,JaMychal,PF,107,MEM,Memphis,Grizzlies,33949,10/26/2016,8:00PM,MIN,MEM,5000,22.9
,FanDuel,9284,Black,Tarik,C,105,LAL,Los Angeles,Lakers,33953,10/26/2016,10:30PM,HOU,LAL,3500,9.8
,FanDuel,9232,Harden,James,SG,109,HOU,Houston,Rockets,33953,10/26/2016,10:30PM,HOU,LAL,11200,64.1
,FanDuel,9172,Nowitzki,Dirk,PF,108,DAL,Dallas,Mavericks,33945,10/26/2016,7:00PM,DAL,IND,6700,40.6
,FanDuel,9354,Davis,Anthony,PF,110,NOP,New Orleans,Pelicans,33950,10/26/2016,8:00PM,DEN,NOP,10200,95.7
,FanDuel,9253,Ellis,Monta,SG,87,IND,Indiana,Pacers,33945,10/26/2016,7:00PM,DAL,IND,5500,40.9
,FanDuel,9353,Anderson,Ryan,PF,109,HOU,Houston,Rockets,33953,10/26/2016,10:30PM,HOU,LAL,6800,26.7
,FanDuel,9352,Gordon,Eric,SG,109,HOU,Houston,Rockets,33953,10/26/2016,10:30PM,HOU,LAL,5200,26
,FanDuel,9195,Nelson,Jameer,PG,99,DEN,Denver,Nuggets,33950,10/26/2016,8:00PM,DEN,NOP,4300,13.9
,FanDuel,9412,Vucevic,Nikola,C,95,ORL,Orlando,Magic,33944,10/26/2016,7:00PM,MIA,ORL,7700,41.3
,FanDuel,9212,Harris,Tobias,PF,88,DET,Detroit,Pistons,33947,10/26/2016,7:30PM,DET,TOR,6300,26.5
,FanDuel,9235,Ariza,Trevor,SF,109,HOU,Houston,Rockets,33953,10/26/2016,10:30PM,HOU,LAL,5500,19.2
,FanDuel,9470,Belinelli,Marco,SG,93,CHA,Charlotte,Hornets,33948,10/26/2016,8:00PM,CHA,MIL,3500,13.3
,FanDuel,9399,Fournier,Evan,SF,95,ORL,Orlando,Magic,33944,10/26/2016,7:00PM,MIA,ORL,5800,33.8
,FanDuel,9435,Chandler,Tyson,C,104,PHX,Phoenix,Suns,33952,10/26/2016,10:00PM,SAC,PHX,5000,19
,FanDuel,9358,Asik,Omer,C,110,NOP,New Orleans,Pelicans,33950,10/26/2016,8:00PM,DEN,NOP,3700,4.7
,FanDuel,9357,Ajinca,Alexis,C,110,NOP,New Orleans,Pelicans,33950,10/26/2016,8:00PM,DEN,NOP,4500,1.2
,FanDuel,9243,Terry,Jason,SG,90,MIL,Milwaukee,Bucks,33948,10/26/2016,8:00PM,CHA,MIL,3500,8.9
,FanDuel,9407,Payton,Elfrid,PG,95,ORL,Orlando,Magic,33944,10/26/2016,7:00PM,MIA,ORL,5900,28.3
,FanDuel,9406,Gordon,Aaron,PF,95,ORL,Orlando,Magic,33944,10/26/2016,7:00PM,MIA,ORL,5600,28.6
,FanDuel,9282,Randle,Julius,PF,105,LAL,Los Angeles,Lakers,33953,10/26/2016,10:30PM,HOU,LAL,6300,35.4
,FanDuel,9498,Joseph,Cory,SG,81,TOR,Toronto,Raptors,33947,10/26/2016,7:30PM,DET,TOR,3500,14.8
,FanDuel,9136,Daniels,Troy,SG,107,MEM,Memphis,Grizzlies,33949,10/26/2016,8:00PM,MIN,MEM,3500,0
,FanDuel,9237,Capela,Clint,C,109,HOU,Houston,Rockets,33953,10/26/2016,10:30PM,HOU,LAL,4200,27.8
,FanDuel,9211,Baynes,Aron,C,88,DET,Detroit,Pistons,33947,10/26/2016,7:30PM,DET,TOR,3500,11.6
,FanDuel,9107,Crowder,Jae,SF,82,BOS,Boston,Celtics,33946,10/26/2016,7:30PM,BRO,BOS,5500,34
,FanDuel,9283,Clarkson,Jordan,SG,105,LAL,Los Angeles,Lakers,33953,10/26/2016,10:30PM,HOU,LAL,5700,32.1
,FanDuel,9420,Covington,Robert,SF,85,PHI,Philadelphia,76ers,33951,10/26/2016,8:00PM,OKL,PHI,5900,25
,FanDuel,9280,Young,Nick,SG,105,LAL,Los Angeles,Lakers,33953,10/26/2016,10:30PM,HOU,LAL,3500,15.1
,FanDuel,9360,Babbitt,Luke,SF,92,MIA,Miami,Heat,33944,10/26/2016,7:00PM,MIA,ORL,3500,12.2
,FanDuel,9245,Beasley,Michael,F,90,MIL,Milwaukee,Bucks,33948,10/26/2016,8:00PM,CHA,MIL,3900,7.9
,FanDuel,9118,Lopez,Brook,C,84,BRO,Brooklyn,Nets,33946,10/26/2016,7:30PM,BRO,BOS,8400,11
,FanDuel,9467,Curry,Seth,PG,108,DAL,Dallas,Mavericks,33945,10/26/2016,7:00PM,DAL,IND,4000,20.1
,FanDuel,9508,Booker,Trevor,PF,84,BRO,Brooklyn,Nets,33946,10/26/2016,7:30PM,BRO,BOS,4800,28.9
,FanDuel,9116,Hollis-Jefferson,Rondae,SF,84,BRO,Brooklyn,Nets,33946,10/26/2016,7:30PM,BRO,BOS,4300,8.4
,FanDuel,9125,Kilpatrick,Sean,SG,84,BRO,Brooklyn,Nets,33946,10/26/2016,7:30PM,BRO,BOS,3900,18.8
,FanDuel,9114,Bogdanovic,Bojan,SF,84,BRO,Brooklyn,Nets,33946,10/26/2016,7:30PM,BRO,BOS,4100,27
,FanDuel,9658,Hamilton,Justin,C,84,BRO,Brooklyn,Nets,33946,10/26/2016,7:30PM,BRO,BOS,4600,33
,FanDuel,9540,Harris,Joe,SG,84,BRO,Brooklyn,Nets,33946,10/26/2016,7:30PM,BRO,BOS,3500,30.3
,FanDuel,9387,Westbrook,Russell,PG,96,OKL,Oklahoma City,Thunder,33951,10/26/2016,8:00PM,OKL,PHI,12000,57.9
,FanDuel,9138,Lin,Jeremy,SG,84,BRO,Brooklyn,Nets,33946,10/26/2016,7:30PM,BRO,BOS,6300,26.1
,FanDuel,9396,Kanter,Enes,C,96,OKL,Oklahoma City,Thunder,33951,10/26/2016,8:00PM,OKL,PHI,5100,35.4
,FanDuel,9242,McDaniels,KJ,SF,109,HOU,Houston,Rockets,33953,10/26/2016,10:30PM,HOU,LAL,3500,12.2
,FanDuel,9499,Scola,Luis,PF,84,BRO,Brooklyn,Nets,33946,10/26/2016,7:30PM,BRO,BOS,4100,11.7
,FanDuel,9385,Roberson,Andre,SG,96,OKL,Oklahoma City,Thunder,33951,10/26/2016,8:00PM,OKL,PHI,3900,19.9
,FanDuel,9247,Miles,CJ,SF,87,IND,Indiana,Pacers,33945,10/26/2016,7:00PM,DAL,IND,3800,13.5
,FanDuel,9326,Vasquez,Greivis,PG,84,BRO,Brooklyn,Nets,33946,10/26/2016,7:30PM,BRO,BOS,3900,6.5
,FanDuel,9390,Adams,Steven,C,96,OKL,Oklahoma City,Thunder,33951,10/26/2016,8:00PM,OKL,PHI,4700,27.5
,FanDuel,9395,Singler,Kyle,SF,96,OKL,Oklahoma City,Thunder,33951,10/26/2016,8:00PM,OKL,PHI,3500,5.2
,FanDuel,9287,Williams,Lou,SG,105,LAL,Los Angeles,Lakers,33953,10/26/2016,10:30PM,HOU,LAL,4600,20
,FanDuel,9402,Oladipo,Victor,SG,96,OKL,Oklahoma City,Thunder,33951,10/26/2016,8:00PM,OKL,PHI,7400,16.5
,FanDuel,9233,Jones,Terrence,PF,110,NOP,New Orleans,Pelicans,33950,10/26/2016,8:00PM,DEN,NOP,4200,17.1
,FanDuel,9423,McConnell,TJ,PG,85,PHI,Philadelphia,76ers,33951,10/26/2016,8:00PM,OKL,PHI,5000,15.9
,FanDuel,9433,Warren,TJ,SF,104,PHX,Phoenix,Suns,33952,10/26/2016,10:00PM,SAC,PHX,4500,25.5
,FanDuel,9123,Reed,Willie,PF,92,MIA,Miami,Heat,33944,10/26/2016,7:00PM,MIA,ORL,3800,20.7
,FanDuel,9367,Ennis III,James,SF,107,MEM,Memphis,Grizzlies,33949,10/26/2016,8:00PM,MIN,MEM,4000,24.2
,FanDuel,9251,Hill,Solomon,SF,110,NOP,New Orleans,Pelicans,33950,10/26/2016,8:00PM,DEN,NOP,4300,4.7
,FanDuel,9147,Moore,E'Twaun,SG,110,NOP,New Orleans,Pelicans,33950,10/26/2016,8:00PM,DEN,NOP,4500,19.2
,FanDuel,9366,Frazier,Tim,PG,110,NOP,New Orleans,Pelicans,33950,10/26/2016,8:00PM,DEN,NOP,5000,40.5
,FanDuel,9425,Smith,Ish,PG,88,DET,Detroit,Pistons,33947,10/26/2016,7:30PM,DET,TOR,6400,19.7
,FanDuel,9419,Grant,Jerami,SF,85,PHI,Philadelphia,76ers,33951,10/26/2016,8:00PM,OKL,PHI,5200,16.8
,FanDuel,9392,Morrow,Anthony,SG,96,OKL,Oklahoma City,Thunder,33951,10/26/2016,8:00PM,OKL,PHI,3500,0
,FanDuel,10138,Abrines,Alex,F,96,OKL,Oklahoma City,Thunder,33951,10/26/2016,8:00PM,OKL,PHI,3500,6.2
,FanDuel,9372,Galloway,Langston,PG,110,NOP,New Orleans,Pelicans,33950,10/26/2016,8:00PM,DEN,NOP,4100,10.9
,FanDuel,10088,Christon,Semaj,G,96,OKL,Oklahoma City,Thunder,33951,10/26/2016,8:00PM,OKL,PHI,3500,11.2
,FanDuel,10131,Baldwin IV,Wade,G,107,MEM,Memphis,Grizzlies,33949,10/26/2016,8:00PM,MIN,MEM,3500,3.5
,FanDuel,9117,McCullough,Chris,PF,84,BRO,Brooklyn,Nets,33946,10/26/2016,7:30PM,BRO,BOS,3500,4.4
,FanDuel,9266,Wilcox,CJ,SG,95,ORL,Orlando,Magic,33944,10/26/2016,7:00PM,MIA,ORL,3500,0
,FanDuel,9484,Marjanovic,Boban,C,88,DET,Detroit,Pistons,33947,10/26/2016,7:30PM,DET,TOR,3500,3.2
,FanDuel,9180,Barea,J.J.,PG,108,DAL,Dallas,Mavericks,33945,10/26/2016,7:00PM,DAL,IND,4700,32.4
,FanDuel,9459,Gay,Rudy,SF,103,SAC,Sacramento,Kings,33952,10/26/2016,10:00PM,SAC,PHX,6900,36.6
,FanDuel,9313,Winslow,Justise,SF,92,MIA,Miami,Heat,33944,10/26/2016,7:00PM,MIA,ORL,4700,34.6
,FanDuel,9416,Thompson,Hollis,SG,85,PHI,Philadelphia,76ers,33951,10/26/2016,8:00PM,OKL,PHI,4200,10.4
